Source,CH1
Second,Volt
-0.00002048000,-9.60000
-0.00002047000,-9.60000
-0.00002046000,-8.00000
-0.00002045000,-8.80000
-0.00002044000,-8.00000
-0.00002043000,-8.80000
-0.00002042000,-8.80000
-0.00002041000,-8.80000
-0.00002040000,-8.00000
-0.00002039000,-8.00000
-0.00002038000,-7.20000
-0.00002037000,-8.00000
-0.00002036000,-7.20000
-0.00002035000,-6.40000
-0.00002034000,-6.40000
-0.00002033000,-6.40000
-0.00002032000,-6.40000
-0.00002031000,-7.20000
-0.00002030000,-5.60000
-0.00002029000,-5.60000
-0.00002028000,-7.20000
-0.00002027000,-5.60000
-0.00002026000,-5.60000
-0.00002025000,-6.40000
-0.00002024000,-4.80000
-0.00002023000,-5.60000
-0.00002022000,-4.80000
-0.00002021000,-4.80000
-0.00002020000,-4.80000
-0.00002019000,-5.60000
-0.00002018000,-4.80000
-0.00002017000,-5.60000
-0.00002016000,-4.80000
-0.00002015000,-5.60000
-0.00002014000,-4.00000
-0.00002013000,-5.60000
-0.00002012000,-4.80000
-0.00002011000,-5.60000
-0.00002010000,-4.00000
-0.00002009000,-4.80000
-0.00002008000,-4.80000
-0.00002007000,-4.80000
-0.00002006000,-5.60000
-0.00002005000,-5.60000
-0.00002004000,-5.60000
-0.00002003000,-4.80000
-0.00002002000,-4.00000
-0.00002001000,-6.40000
-0.00002000000,-4.80000
-0.00001999000,-5.60000
-0.00001998000,-4.80000
-0.00001997000,-5.60000
-0.00001996000,-5.60000
-0.00001995000,-5.60000
-0.00001994000,-5.60000
-0.00001993000,-6.40000
-0.00001992000,-5.60000
-0.00001991000,-6.40000
-0.00001990000,-5.60000
-0.00001989000,-6.40000
-0.00001988000,-5.60000
-0.00001987000,-7.20000
-0.00001986000,-6.40000
-0.00001985000,-6.40000
-0.00001984000,-7.20000
-0.00001983000,-6.40000
-0.00001982000,-6.40000
-0.00001981000,-7.20000
-0.00001980000,-7.20000
-0.00001979000,-8.00000
-0.00001978000,-7.20000
-0.00001977000,-6.40000
-0.00001976000,-7.20000
-0.00001975000,-8.00000
-0.00001974000,-7.20000
-0.00001973000,-8.00000
-0.00001972000,-7.20000
-0.00001971000,-8.00000
-0.00001970000,-8.00000
-0.00001969000,-8.80000
-0.00001968000,-8.80000
-0.00001967000,-8.80000
-0.00001966000,-9.60000
-0.00001965000,-9.60000
-0.00001964000,-8.00000
-0.00001963000,-8.80000
-0.00001962000,-8.00000
-0.00001961000,-8.80000
-0.00001960000,-8.80000
-0.00001959000,-9.60000
-0.00001958000,-8.00000
-0.00001957000,-9.60000
-0.00001956000,-10.40000
-0.00001955000,-10.40000
-0.00001954000,-9.60000
-0.00001953000,-10.40000
-0.00001952000,-9.60000
-0.00001951000,-10.40000
-0.00001950000,-9.60000
-0.00001949000,-9.60000
-0.00001948000,-8.80000
-0.00001947000,-10.40000
-0.00001946000,-9.60000
-0.00001945000,-10.40000
-0.00001944000,-10.40000
-0.00001943000,-10.40000
-0.00001942000,-9.60000
-0.00001941000,-11.20000
-0.00001940000,-10.40000
-0.00001939000,-9.60000
-0.00001938000,-9.60000
-0.00001937000,-11.20000
-0.00001936000,-10.40000
-0.00001935000,-10.40000
-0.00001934000,-8.80000
-0.00001933000,-11.20000
-0.00001932000,-10.40000
-0.00001931000,-9.60000
-0.00001930000,-10.40000
-0.00001929000,-10.40000
-0.00001928000,-10.40000
-0.00001927000,-9.60000
-0.00001926000,-8.80000
-0.00001925000,-9.60000
-0.00001924000,-9.60000
-0.00001923000,-9.60000
-0.00001922000,-10.40000
-0.00001921000,-9.60000
-0.00001920000,-9.60000
-0.00001919000,-10.40000
-0.00001918000,-8.80000
-0.00001917000,-9.60000
-0.00001916000,-8.80000
-0.00001915000,-9.60000
-0.00001914000,-8.80000
-0.00001913000,-9.60000
-0.00001912000,-8.80000
-0.00001911000,-9.60000
-0.00001910000,-8.00000
-0.00001909000,-8.80000
-0.00001908000,-8.80000
-0.00001907000,-8.80000
-0.00001906000,-8.80000
-0.00001905000,-8.80000
-0.00001904000,-8.00000
-0.00001903000,-8.80000
-0.00001902000,-8.80000
-0.00001901000,-9.60000
-0.00001900000,-8.80000
-0.00001899000,-8.80000
-0.00001898000,-9.60000
-0.00001897000,-8.80000
-0.00001896000,-8.00000
-0.00001895000,-8.00000
-0.00001894000,-8.00000
-0.00001893000,-8.80000
-0.00001892000,-8.00000
-0.00001891000,-8.00000
-0.00001890000,-7.20000
-0.00001889000,-8.00000
-0.00001888000,-8.00000
-0.00001887000,-8.00000
-0.00001886000,-7.20000
-0.00001885000,-8.00000
-0.00001884000,-7.20000
-0.00001883000,-8.00000
-0.00001882000,-8.80000
-0.00001881000,-8.00000
-0.00001880000,-7.20000
-0.00001879000,-8.80000
-0.00001878000,-8.00000
-0.00001877000,-8.00000
-0.00001876000,-7.20000
-0.00001875000,-7.20000
-0.00001874000,-8.00000
-0.00001873000,-8.00000
-0.00001872000,-8.00000
-0.00001871000,-8.00000
-0.00001870000,-8.00000
-0.00001869000,-8.00000
-0.00001868000,-7.20000
-0.00001867000,-8.80000
-0.00001866000,-7.20000
-0.00001865000,-8.80000
-0.00001864000,-8.00000
-0.00001863000,-8.00000
-0.00001862000,-8.00000
-0.00001861000,-8.00000
-0.00001860000,-7.20000
-0.00001859000,-8.80000
-0.00001858000,-7.20000
-0.00001857000,-8.00000
-0.00001856000,-7.20000
-0.00001855000,-8.80000
-0.00001854000,-8.00000
-0.00001853000,-8.00000
-0.00001852000,-8.00000
-0.00001851000,-9.60000
-0.00001850000,-8.00000
-0.00001849000,-8.80000
-0.00001848000,-8.80000
-0.00001847000,-8.80000
-0.00001846000,-8.80000
-0.00001845000,-8.80000
-0.00001844000,-8.80000
-0.00001843000,-8.80000
-0.00001842000,-8.00000
-0.00001841000,-8.80000
-0.00001840000,-8.80000
-0.00001839000,-8.80000
-0.00001838000,-8.00000
-0.00001837000,-9.60000
-0.00001836000,-8.00000
-0.00001835000,-9.60000
-0.00001834000,-8.00000
-0.00001833000,-8.80000
-0.00001832000,-8.80000
-0.00001831000,-9.60000
-0.00001830000,-9.60000
-0.00001829000,-8.80000
-0.00001828000,-10.40000
-0.00001827000,-11.20000
-0.00001826000,-10.40000
-0.00001825000,-11.20000
-0.00001824000,-11.20000
-0.00001823000,-11.20000
-0.00001822000,-8.80000
-0.00001821000,-9.60000
-0.00001820000,-8.80000
-0.00001819000,-8.00000
-0.00001818000,-7.20000
-0.00001817000,-7.20000
-0.00001816000,-5.60000
-0.00001815000,-5.60000
-0.00001814000,-5.60000
-0.00001813000,-4.80000
-0.00001812000,-4.80000
-0.00001811000,-4.80000
-0.00001810000,-3.20000
-0.00001809000,-3.20000
-0.00001808000,-2.40000
-0.00001807000,-3.20000
-0.00001806000,-2.40000
-0.00001805000,-2.40000
-0.00001804000,-2.40000
-0.00001803000,-2.40000
-0.00001802000,-0.80000
-0.00001801000,-2.40000
-0.00001800000,-0.80000
-0.00001799000,-1.60000
-0.00001798000,-0.80000
-0.00001797000,-0.80000
-0.00001796000,-0.80000
-0.00001795000,-0.80000
-0.00001794000,-0.80000
-0.00001793000,-0.80000
-0.00001792000,-0.80000
-0.00001791000,-0.80000
-0.00001790000,0.00
-0.00001789000,-0.80000
-0.00001788000,0.00
-0.00001787000,-0.80000
-0.00001786000,0.00
-0.00001785000,0.00
-0.00001784000,-0.80000
-0.00001783000,-0.80000
-0.00001782000,-0.80000
-0.00001781000,-0.80000
-0.00001780000,0.00
-0.00001779000,-0.80000
-0.00001778000,-0.80000
-0.00001777000,0.00
-0.00001776000,0.00
-0.00001775000,-0.80000
-0.00001774000,-0.80000
-0.00001773000,-0.80000
-0.00001772000,0.00
-0.00001771000,-0.80000
-0.00001770000,0.00
-0.00001769000,-0.80000
-0.00001768000,0.00
-0.00001767000,-0.80000
-0.00001766000,0.80000
-0.00001765000,-0.80000
-0.00001764000,0.00
-0.00001763000,0.00
-0.00001762000,0.00
-0.00001761000,-0.80000
-0.00001760000,-0.80000
-0.00001759000,-0.80000
-0.00001758000,0.00
-0.00001757000,-0.80000
-0.00001756000,0.80000
-0.00001755000,-0.80000
-0.00001754000,0.00
-0.00001753000,-0.80000
-0.00001752000,-0.80000
-0.00001751000,-0.80000
-0.00001750000,-0.80000
-0.00001749000,0.00
-0.00001748000,0.00
-0.00001747000,-0.80000
-0.00001746000,0.00
-0.00001745000,0.00
-0.00001744000,0.00
-0.00001743000,-0.80000
-0.00001742000,0.00
-0.00001741000,-0.80000
-0.00001740000,0.00
-0.00001739000,-0.80000
-0.00001738000,0.00
-0.00001737000,-0.80000
-0.00001736000,0.00
-0.00001735000,-0.80000
-0.00001734000,-0.80000
-0.00001733000,-0.80000
-0.00001732000,-0.80000
-0.00001731000,-0.80000
-0.00001730000,-0.80000
-0.00001729000,-0.80000
-0.00001728000,0.00
-0.00001727000,-0.80000
-0.00001726000,0.00
-0.00001725000,-0.80000
-0.00001724000,-0.80000
-0.00001723000,-0.80000
-0.00001722000,-0.80000
-0.00001721000,-0.80000
-0.00001720000,-0.80000
-0.00001719000,-0.80000
-0.00001718000,0.00
-0.00001717000,-0.80000
-0.00001716000,-0.80000
-0.00001715000,-0.80000
-0.00001714000,-0.80000
-0.00001713000,-0.80000
-0.00001712000,0.00
-0.00001711000,-0.80000
-0.00001710000,-0.80000
-0.00001709000,-0.80000
-0.00001708000,0.00
-0.00001707000,-0.80000
-0.00001706000,-0.80000
-0.00001705000,-0.80000
-0.00001704000,-0.80000
-0.00001703000,-1.60000
-0.00001702000,-0.80000
-0.00001701000,-1.60000
-0.00001700000,-2.40000
-0.00001699000,-2.40000
-0.00001698000,-2.40000
-0.00001697000,-3.20000
-0.00001696000,-4.00000
-0.00001695000,-4.00000
-0.00001694000,-4.00000
-0.00001693000,-4.80000
-0.00001692000,-4.80000
-0.00001691000,-6.40000
-0.00001690000,-7.20000
-0.00001689000,-8.80000
-0.00001688000,-8.00000
-0.00001687000,-11.20000
-0.00001686000,-12.00000
-0.00001685000,-13.60000
-0.00001684000,-15.20000
-0.00001683000,-18.40000
-0.00001682000,-20.00000
-0.00001681000,-24.80000
-0.00001680000,-27.20000
-0.00001679000,-35.20000
-0.00001678000,-40.00000
-0.00001677000,-51.20000
-0.00001676000,-48.80000
-0.00001675000,-43.20000
-0.00001674000,-43.20000
-0.00001673000,-43.20000
-0.00001672000,-43.20000
-0.00001671000,-42.40001
-0.00001670000,-40.80000
-0.00001669000,-43.20000
-0.00001668000,-42.40001
-0.00001667000,-42.40001
-0.00001666000,-40.00000
-0.00001665000,-42.40001
-0.00001664000,-40.00000
-0.00001663000,-39.20000
-0.00001662000,-40.00000
-0.00001661000,-40.80000
-0.00001660000,-37.60000
-0.00001659000,-40.80000
-0.00001658000,-39.20000
-0.00001657000,-39.20000
-0.00001656000,-38.40000
-0.00001655000,-38.40000
-0.00001654000,-37.60000
-0.00001653000,-39.20000
-0.00001652000,-36.80000
-0.00001651000,-38.40000
-0.00001650000,-36.80000
-0.00001649000,-37.60000
-0.00001648000,-36.80000
-0.00001647000,-36.00000
-0.00001646000,-36.80000
-0.00001645000,-36.00000
-0.00001644000,-36.80000
-0.00001643000,-36.00000
-0.00001642000,-34.40000
-0.00001641000,-35.20000
-0.00001640000,-35.20000
-0.00001639000,-35.20000
-0.00001638000,-34.40000
-0.00001637000,-34.40000
-0.00001636000,-34.40000
-0.00001635000,-34.40000
-0.00001634000,-33.60000
-0.00001633000,-34.40000
-0.00001632000,-33.60000
-0.00001631000,-34.40000
-0.00001630000,-32.80000
-0.00001629000,-33.60000
-0.00001628000,-33.60000
-0.00001627000,-33.60000
-0.00001626000,-32.80000
-0.00001625000,-34.40000
-0.00001624000,-32.80000
-0.00001623000,-34.40000
-0.00001622000,-33.60000
-0.00001621000,-32.80000
-0.00001620000,-32.00000
-0.00001619000,-34.40000
-0.00001618000,-32.80000
-0.00001617000,-33.60000
-0.00001616000,-33.60000
-0.00001615000,-33.60000
-0.00001614000,-33.60000
-0.00001613000,-34.40000
-0.00001612000,-33.60000
-0.00001611000,-32.80000
-0.00001610000,-33.60000
-0.00001609000,-34.40000
-0.00001608000,-34.40000
-0.00001607000,-34.40000
-0.00001606000,-34.40000
-0.00001605000,-34.40000
-0.00001604000,-34.40000
-0.00001603000,-35.20000
-0.00001602000,-35.20000
-0.00001601000,-35.20000
-0.00001600000,-34.40000
-0.00001599000,-35.20000
-0.00001598000,-34.40000
-0.00001597000,-36.00000
-0.00001596000,-35.20000
-0.00001595000,-36.00000
-0.00001594000,-35.20000
-0.00001593000,-35.20000
-0.00001592000,-35.20000
-0.00001591000,-35.20000
-0.00001590000,-36.00000
-0.00001589000,-36.00000
-0.00001588000,-34.40000
-0.00001587000,-36.00000
-0.00001586000,-34.40000
-0.00001585000,-36.80000
-0.00001584000,-36.00000
-0.00001583000,-36.00000
-0.00001582000,-35.20000
-0.00001581000,-36.00000
-0.00001580000,-36.80000
-0.00001579000,-36.00000
-0.00001578000,-35.20000
-0.00001577000,-35.20000
-0.00001576000,-35.20000
-0.00001575000,-36.00000
-0.00001574000,-36.00000
-0.00001573000,-35.20000
-0.00001572000,-34.40000
-0.00001571000,-32.00000
-0.00001570000,-30.40000
-0.00001569000,-28.80000
-0.00001568000,-26.40000
-0.00001567000,-24.80000
-0.00001566000,-24.00000
-0.00001565000,-21.60000
-0.00001564000,-20.80000
-0.00001563000,-18.40000
-0.00001562000,-17.60000
-0.00001561000,-15.20000
-0.00001560000,-13.60000
-0.00001559000,-12.80000
-0.00001558000,-11.20000
-0.00001557000,-9.60000
-0.00001556000,-8.80000
-0.00001555000,-8.00000
-0.00001554000,-7.20000
-0.00001553000,-6.40000
-0.00001552000,-4.80000
-0.00001551000,-4.80000
-0.00001550000,-3.20000
-0.00001549000,-2.40000
-0.00001548000,-2.40000
-0.00001547000,-2.40000
-0.00001546000,-1.60000
-0.00001545000,-1.60000
-0.00001544000,-0.80000
-0.00001543000,-0.80000
-0.00001542000,-0.80000
-0.00001541000,-0.80000
-0.00001540000,0.80000
-0.00001539000,0.00
-0.00001538000,0.00
-0.00001537000,-0.80000
-0.00001536000,0.80000
-0.00001535000,-0.80000
-0.00001534000,0.80000
-0.00001533000,0.00
-0.00001532000,0.80000
-0.00001531000,0.00
-0.00001530000,0.80000
-0.00001529000,0.00
-0.00001528000,0.80000
-0.00001527000,0.00
-0.00001526000,0.80000
-0.00001525000,-0.80000
-0.00001524000,0.80000
-0.00001523000,0.00
-0.00001522000,1.60000
-0.00001521000,0.00
-0.00001520000,0.80000
-0.00001519000,0.80000
-0.00001518000,0.00
-0.00001517000,-0.80000
-0.00001516000,0.80000
-0.00001515000,0.00
-0.00001514000,0.80000
-0.00001513000,0.00
-0.00001512000,0.80000
-0.00001511000,0.00
-0.00001510000,0.80000
-0.00001509000,-0.80000
-0.00001508000,0.00
-0.00001507000,0.00
-0.00001506000,0.00
-0.00001505000,0.80000
-0.00001504000,0.00
-0.00001503000,-0.80000
-0.00001502000,0.80000
-0.00001501000,0.00
-0.00001500000,0.80000
-0.00001499000,0.00
-0.00001498000,0.80000
-0.00001497000,0.80000
-0.00001496000,1.60000
-0.00001495000,0.80000
-0.00001494000,1.60000
-0.00001493000,0.00
-0.00001492000,0.80000
-0.00001491000,0.00
-0.00001490000,0.80000
-0.00001489000,0.00
-0.00001488000,0.80000
-0.00001487000,0.00
-0.00001486000,0.00
-0.00001485000,0.00
-0.00001484000,0.00
-0.00001483000,0.80000
-0.00001482000,0.00
-0.00001481000,0.00
-0.00001480000,0.80000
-0.00001479000,-0.80000
-0.00001478000,0.00
-0.00001477000,-0.80000
-0.00001476000,-0.80000
-0.00001475000,-0.80000
-0.00001474000,-0.80000
-0.00001473000,-0.80000
-0.00001472000,0.00
-0.00001471000,-1.60000
-0.00001470000,-0.80000
-0.00001469000,-1.60000
-0.00001468000,-1.60000
-0.00001467000,-1.60000
-0.00001466000,-1.60000
-0.00001465000,-2.40000
-0.00001464000,-2.40000
-0.00001463000,-3.20000
-0.00001462000,-3.20000
-0.00001461000,-4.80000
-0.00001460000,-4.00000
-0.00001459000,-5.60000
-0.00001458000,-4.80000
-0.00001457000,-6.40000
-0.00001456000,-6.40000
-0.00001455000,-8.00000
-0.00001454000,-7.20000
-0.00001453000,-7.20000
-0.00001452000,-7.20000
-0.00001451000,-9.60000
-0.00001450000,-8.80000
-0.00001449000,-9.60000
-0.00001448000,-8.80000
-0.00001447000,-11.20000
-0.00001446000,-10.40000
-0.00001445000,-12.00000
-0.00001444000,-12.00000
-0.00001443000,-12.80000
-0.00001442000,-12.80000
-0.00001441000,-12.80000
-0.00001440000,-13.60000
-0.00001439000,-15.20000
-0.00001438000,-15.20000
-0.00001437000,-16.00000
-0.00001436000,-17.60000
-0.00001435000,-16.80000
-0.00001434000,-16.80000
-0.00001433000,-17.60000
-0.00001432000,-17.60000
-0.00001431000,-18.40000
-0.00001430000,-17.60000
-0.00001429000,-19.20000
-0.00001428000,-17.60000
-0.00001427000,-18.40000
-0.00001426000,-18.40000
-0.00001425000,-19.20000
-0.00001424000,-19.20000
-0.00001423000,-19.20000
-0.00001422000,-19.20000
-0.00001421000,-19.20000
-0.00001420000,-19.20000
-0.00001419000,-19.20000
-0.00001418000,-18.40000
-0.00001417000,-19.20000
-0.00001416000,-17.60000
-0.00001415000,-17.60000
-0.00001414000,-17.60000
-0.00001413000,-17.60000
-0.00001412000,-16.00000
-0.00001411000,-16.80000
-0.00001410000,-16.00000
-0.00001409000,-16.00000
-0.00001408000,-16.00000
-0.00001407000,-16.00000
-0.00001406000,-13.60000
-0.00001405000,-13.60000
-0.00001404000,-12.00000
-0.00001403000,-12.80000
-0.00001402000,-12.00000
-0.00001401000,-12.00000
-0.00001400000,-11.20000
-0.00001399000,-12.00000
-0.00001398000,-10.40000
-0.00001397000,-10.40000
-0.00001396000,-10.40000
-0.00001395000,-9.60000
-0.00001394000,-8.80000
-0.00001393000,-8.80000
-0.00001392000,-7.20000
-0.00001391000,-8.00000
-0.00001390000,-6.40000
-0.00001389000,-7.20000
-0.00001388000,-6.40000
-0.00001387000,-6.40000
-0.00001386000,-5.60000
-0.00001385000,-4.80000
-0.00001384000,-5.60000
-0.00001383000,-5.60000
-0.00001382000,-4.80000
-0.00001381000,-4.00000
-0.00001380000,-4.00000
-0.00001379000,-4.80000
-0.00001378000,-2.40000
-0.00001377000,-2.40000
-0.00001376000,-2.40000
-0.00001375000,-3.20000
-0.00001374000,-3.20000
-0.00001373000,-3.20000
-0.00001372000,-1.60000
-0.00001371000,-3.20000
-0.00001370000,-1.60000
-0.00001369000,-2.40000
-0.00001368000,-2.40000
-0.00001367000,-2.40000
-0.00001366000,-1.60000
-0.00001365000,-1.60000
-0.00001364000,-1.60000
-0.00001363000,-2.40000
-0.00001362000,-0.80000
-0.00001361000,-1.60000
-0.00001360000,-0.80000
-0.00001359000,-2.40000
-0.00001358000,-0.80000
-0.00001357000,-1.60000
-0.00001356000,-0.80000
-0.00001355000,-1.60000
-0.00001354000,-0.80000
-0.00001353000,-0.80000
-0.00001352000,-1.60000
-0.00001351000,-1.60000
-0.00001350000,-0.80000
-0.00001349000,-1.60000
-0.00001348000,-0.80000
-0.00001347000,-1.60000
-0.00001346000,-1.60000
-0.00001345000,-2.40000
-0.00001344000,-0.80000
-0.00001343000,-2.40000
-0.00001342000,-1.60000
-0.00001341000,-2.40000
-0.00001340000,-3.20000
-0.00001339000,-3.20000
-0.00001338000,-2.40000
-0.00001337000,-2.40000
-0.00001336000,-3.20000
-0.00001335000,-3.20000
-0.00001334000,-3.20000
-0.00001333000,-3.20000
-0.00001332000,-3.20000
-0.00001331000,-3.20000
-0.00001330000,-4.00000
-0.00001329000,-4.00000
-0.00001328000,-4.00000
-0.00001327000,-4.80000
-0.00001326000,-4.80000
-0.00001325000,-4.80000
-0.00001324000,-4.80000
-0.00001323000,-5.60000
-0.00001322000,-4.80000
-0.00001321000,-6.40000
-0.00001320000,-5.60000
-0.00001319000,-6.40000
-0.00001318000,-5.60000
-0.00001317000,-6.40000
-0.00001316000,-7.20000
-0.00001315000,-8.00000
-0.00001314000,-7.20000
-0.00001313000,-8.80000
-0.00001312000,-8.00000
-0.00001311000,-8.00000
-0.00001310000,-8.00000
-0.00001309000,-8.80000
-0.00001308000,-9.60000
-0.00001307000,-9.60000
-0.00001306000,-8.80000
-0.00001305000,-10.40000
-0.00001304000,-10.40000
-0.00001303000,-10.40000
-0.00001302000,-10.40000
-0.00001301000,-11.20000
-0.00001300000,-11.20000
-0.00001299000,-11.20000
-0.00001298000,-10.40000
-0.00001297000,-11.20000
-0.00001296000,-11.20000
-0.00001295000,-12.00000
-0.00001294000,-12.00000
-0.00001293000,-12.00000
-0.00001292000,-12.00000
-0.00001291000,-12.80000
-0.00001290000,-11.20000
-0.00001289000,-12.80000
-0.00001288000,-12.00000
-0.00001287000,-12.80000
-0.00001286000,-12.00000
-0.00001285000,-12.00000
-0.00001284000,-12.80000
-0.00001283000,-12.80000
-0.00001282000,-12.80000
-0.00001281000,-12.80000
-0.00001280000,-12.00000
-0.00001279000,-12.00000
-0.00001278000,-12.00000
-0.00001277000,-12.80000
-0.00001276000,-11.20000
-0.00001275000,-11.20000
-0.00001274000,-10.40000
-0.00001273000,-12.00000
-0.00001272000,-11.20000
-0.00001271000,-11.20000
-0.00001270000,-10.40000
-0.00001269000,-10.40000
-0.00001268000,-11.20000
-0.00001267000,-10.40000
-0.00001266000,-10.40000
-0.00001265000,-10.40000
-0.00001264000,-9.60000
-0.00001263000,-11.20000
-0.00001262000,-9.60000
-0.00001261000,-9.60000
-0.00001260000,-9.60000
-0.00001259000,-10.40000
-0.00001258000,-8.80000
-0.00001257000,-8.80000
-0.00001256000,-8.00000
-0.00001255000,-8.80000
-0.00001254000,-8.80000
-0.00001253000,-8.80000
-0.00001252000,-7.20000
-0.00001251000,-8.00000
-0.00001250000,-7.20000
-0.00001249000,-7.20000
-0.00001248000,-7.20000
-0.00001247000,-7.20000
-0.00001246000,-7.20000
-0.00001245000,-7.20000
-0.00001244000,-7.20000
-0.00001243000,-6.40000
-0.00001242000,-7.20000
-0.00001241000,-7.20000
-0.00001240000,-4.80000
-0.00001239000,-6.40000
-0.00001238000,-5.60000
-0.00001237000,-5.60000
-0.00001236000,-4.80000
-0.00001235000,-5.60000
-0.00001234000,-5.60000
-0.00001233000,-6.40000
-0.00001232000,-4.80000
-0.00001231000,-5.60000
-0.00001230000,-5.60000
-0.00001229000,-4.80000
-0.00001228000,-4.80000
-0.00001227000,-4.80000
-0.00001226000,-4.80000
-0.00001225000,-5.60000
-0.00001224000,-4.00000
-0.00001223000,-4.80000
-0.00001222000,-5.60000
-0.00001221000,-6.40000
-0.00001220000,-4.80000
-0.00001219000,-4.80000
-0.00001218000,-4.80000
-0.00001217000,-4.80000
-0.00001216000,-4.80000
-0.00001215000,-4.80000
-0.00001214000,-4.80000
-0.00001213000,-5.60000
-0.00001212000,-4.80000
-0.00001211000,-5.60000
-0.00001210000,-4.80000
-0.00001209000,-5.60000
-0.00001208000,-4.80000
-0.00001207000,-5.60000
-0.00001206000,-4.80000
-0.00001205000,-5.60000
-0.00001204000,-5.60000
-0.00001203000,-6.40000
-0.00001202000,-5.60000
-0.00001201000,-6.40000
-0.00001200000,-6.40000
-0.00001199000,-6.40000
-0.00001198000,-5.60000
-0.00001197000,-7.20000
-0.00001196000,-6.40000
-0.00001195000,-7.20000
-0.00001194000,-6.40000
-0.00001193000,-7.20000
-0.00001192000,-7.20000
-0.00001191000,-8.00000
-0.00001190000,-7.20000
-0.00001189000,-8.00000
-0.00001188000,-7.20000
-0.00001187000,-8.00000
-0.00001186000,-7.20000
-0.00001185000,-8.80000
-0.00001184000,-8.00000
-0.00001183000,-8.80000
-0.00001182000,-8.00000
-0.00001181000,-8.80000
-0.00001180000,-8.00000
-0.00001179000,-8.00000
-0.00001178000,-8.00000
-0.00001177000,-8.80000
-0.00001176000,-8.80000
-0.00001175000,-8.80000
-0.00001174000,-8.80000
-0.00001173000,-8.80000
-0.00001172000,-9.60000
-0.00001171000,-9.60000
-0.00001170000,-9.60000
-0.00001169000,-9.60000
-0.00001168000,-9.60000
-0.00001167000,-9.60000
-0.00001166000,-9.60000
-0.00001165000,-10.40000
-0.00001164000,-9.60000
-0.00001163000,-10.40000
-0.00001162000,-10.40000
-0.00001161000,-10.40000
-0.00001160000,-10.40000
-0.00001159000,-11.20000
-0.00001158000,-10.40000
-0.00001157000,-10.40000
-0.00001156000,-8.80000
-0.00001155000,-11.20000
-0.00001154000,-10.40000
-0.00001153000,-11.20000
-0.00001152000,-10.40000
-0.00001151000,-10.40000
-0.00001150000,-10.40000
-0.00001149000,-11.20000
-0.00001148000,-10.40000
-0.00001147000,-9.60000
-0.00001146000,-10.40000
-0.00001145000,-10.40000
-0.00001144000,-9.60000
-0.00001143000,-9.60000
-0.00001142000,-9.60000
-0.00001141000,-10.40000
-0.00001140000,-10.40000
-0.00001139000,-10.40000
-0.00001138000,-10.40000
-0.00001137000,-9.60000
-0.00001136000,-9.60000
-0.00001135000,-10.40000
-0.00001134000,-8.80000
-0.00001133000,-10.40000
-0.00001132000,-9.60000
-0.00001131000,-9.60000
-0.00001130000,-10.40000
-0.00001129000,-9.60000
-0.00001128000,-8.80000
-0.00001127000,-9.60000
-0.00001126000,-8.80000
-0.00001125000,-8.80000
-0.00001124000,-8.80000
-0.00001123000,-9.60000
-0.00001122000,-8.00000
-0.00001121000,-8.80000
-0.00001120000,-8.80000
-0.00001119000,-9.60000
-0.00001118000,-8.00000
-0.00001117000,-9.60000
-0.00001116000,-8.80000
-0.00001115000,-8.80000
-0.00001114000,-8.80000
-0.00001113000,-8.80000
-0.00001112000,-8.00000
-0.00001111000,-8.80000
-0.00001110000,-8.00000
-0.00001109000,-8.00000
-0.00001108000,-8.00000
-0.00001107000,-8.00000
-0.00001106000,-8.00000
-0.00001105000,-8.00000
-0.00001104000,-8.00000
-0.00001103000,-8.00000
-0.00001102000,-8.00000
-0.00001101000,-8.00000
-0.00001100000,-7.20000
-0.00001099000,-8.00000
-0.00001098000,-7.20000
-0.00001097000,-7.20000
-0.00001096000,-7.20000
-0.00001095000,-8.00000
-0.00001094000,-8.00000
-0.00001093000,-8.00000
-0.00001092000,-7.20000
-0.00001091000,-8.00000
-0.00001090000,-7.20000
-0.00001089000,-8.00000
-0.00001088000,-7.20000
-0.00001087000,-8.00000
-0.00001086000,-8.00000
-0.00001085000,-8.00000
-0.00001084000,-8.00000
-0.00001083000,-8.00000
-0.00001082000,-7.20000
-0.00001081000,-8.00000
-0.00001080000,-7.20000
-0.00001079000,-8.80000
-0.00001078000,-8.00000
-0.00001077000,-8.00000
-0.00001076000,-7.20000
-0.00001075000,-8.80000
-0.00001074000,-8.00000
-0.00001073000,-8.80000
-0.00001072000,-8.00000
-0.00001071000,-8.80000
-0.00001070000,-8.80000
-0.00001069000,-8.00000
-0.00001068000,-8.00000
-0.00001067000,-8.00000
-0.00001066000,-7.20000
-0.00001065000,-8.80000
-0.00001064000,-8.00000
-0.00001063000,-8.80000
-0.00001062000,-8.00000
-0.00001061000,-8.00000
-0.00001060000,-8.00000
-0.00001059000,-8.80000
-0.00001058000,-8.00000
-0.00001057000,-8.80000
-0.00001056000,-8.80000
-0.00001055000,-8.80000
-0.00001054000,-8.00000
-0.00001053000,-8.80000
-0.00001052000,-10.40000
-0.00001051000,-8.80000
-0.00001050000,-8.80000
-0.00001049000,-9.60000
-0.00001048000,-7.20000
-0.00001047000,-9.60000
-0.00001046000,-8.80000
-0.00001045000,-9.60000
-0.00001044000,-8.80000
-0.00001043000,-8.80000
-0.00001042000,-8.80000
-0.00001041000,-9.60000
-0.00001040000,-8.80000
-0.00001039000,-10.40000
-0.00001038000,-10.40000
-0.00001037000,-12.00000
-0.00001036000,-10.40000
-0.00001035000,-11.20000
-0.00001034000,-10.40000
-0.00001033000,-9.60000
-0.00001032000,-8.80000
-0.00001031000,-8.80000
-0.00001030000,-8.00000
-0.00001029000,-6.40000
-0.00001028000,-7.20000
-0.00001027000,-6.40000
-0.00001026000,-5.60000
-0.00001025000,-5.60000
-0.00001024000,-4.80000
-0.00001023000,-4.00000
-0.00001022000,-4.00000
-0.00001021000,-3.20000
-0.00001020000,-4.00000
-0.00001019000,-3.20000
-0.00001018000,-2.40000
-0.00001017000,-2.40000
-0.00001016000,-1.60000
-0.00001015000,-1.60000
-0.00001014000,-0.80000
-0.00001013000,-1.60000
-0.00001012000,-0.80000
-0.00001011000,-1.60000
-0.00001010000,-1.60000
-0.00001009000,-1.60000
-0.00001008000,-1.60000
-0.00001007000,-0.80000
-0.00001006000,0.00
-0.00001005000,-0.80000
-0.00001004000,0.00
-0.00001003000,-0.80000
-0.00001002000,0.00
-0.00001001000,0.00
-0.00001000000,-0.80000
-0.00000999000,0.00
-0.00000998000,0.00
-0.00000997000,-0.80000
-0.00000996000,0.00
-0.00000995000,-0.80000
-0.00000994000,-0.80000
-0.00000993000,-0.80000
-0.00000992000,0.00
-0.00000991000,-0.80000
-0.00000990000,0.80000
-0.00000989000,-0.80000
-0.00000988000,0.00
-0.00000987000,-0.80000
-0.00000986000,0.00
-0.00000985000,-0.80000
-0.00000984000,0.00
-0.00000983000,-0.80000
-0.00000982000,0.00
-0.00000981000,0.00
-0.00000980000,0.00
-0.00000979000,-0.80000
-0.00000978000,0.00
-0.00000977000,-0.80000
-0.00000976000,0.00
-0.00000975000,-0.80000
-0.00000974000,0.00
-0.00000973000,-0.80000
-0.00000972000,0.00
-0.00000971000,-0.80000
-0.00000970000,0.00
-0.00000969000,0.00
-0.00000968000,0.00
-0.00000967000,-0.80000
-0.00000966000,0.00
-0.00000965000,-0.80000
-0.00000964000,0.00
-0.00000963000,-0.80000
-0.00000962000,0.00
-0.00000961000,-0.80000
-0.00000960000,0.00
-0.00000959000,0.00
-0.00000958000,-0.80000
-0.00000957000,0.00
-0.00000956000,0.80000
-0.00000955000,-0.80000
-0.00000954000,0.00
-0.00000953000,-0.80000
-0.00000952000,0.00
-0.00000951000,-0.80000
-0.00000950000,0.00
-0.00000949000,-0.80000
-0.00000948000,0.00
-0.00000947000,0.00
-0.00000946000,-0.80000
-0.00000945000,-0.80000
-0.00000944000,0.00
-0.00000943000,-0.80000
-0.00000942000,0.80000
-0.00000941000,-0.80000
-0.00000940000,0.80000
-0.00000939000,0.00
-0.00000938000,0.00
-0.00000937000,-0.80000
-0.00000936000,-0.80000
-0.00000935000,-0.80000
-0.00000934000,0.00
-0.00000933000,-0.80000
-0.00000932000,-0.80000
-0.00000931000,-0.80000
-0.00000930000,0.00
-0.00000929000,0.00
-0.00000928000,-0.80000
-0.00000927000,-0.80000
-0.00000926000,0.00
-0.00000925000,-0.80000
-0.00000924000,0.00
-0.00000923000,-0.80000
-0.00000922000,-0.80000
-0.00000921000,-0.80000
-0.00000920000,-0.80000
-0.00000919000,-0.80000
-0.00000918000,0.00
-0.00000917000,-0.80000
-0.00000916000,-0.80000
-0.00000915000,-0.80000
-0.00000914000,-0.80000
-0.00000913000,-2.40000
-0.00000912000,-1.60000
-0.00000911000,-1.60000
-0.00000910000,-1.60000
-0.00000909000,-3.20000
-0.00000908000,-3.20000
-0.00000907000,-3.20000
-0.00000906000,-2.40000
-0.00000905000,-4.80000
-0.00000904000,-4.80000
-0.00000903000,-4.80000
-0.00000902000,-5.60000
-0.00000901000,-8.00000
-0.00000900000,-7.20000
-0.00000899000,-9.60000
-0.00000898000,-10.40000
-0.00000897000,-12.80000
-0.00000896000,-13.60000
-0.00000895000,-16.80000
-0.00000894000,-17.60000
-0.00000893000,-21.60000
-0.00000892000,-23.20000
-0.00000891000,-29.60000
-0.00000890000,-32.80000
-0.00000889000,-48.00000
-0.00000888000,-49.60001
-0.00000887000,-46.40001
-0.00000886000,-43.20000
-0.00000885000,-44.00000
-0.00000884000,-43.20000
-0.00000883000,-43.20000
-0.00000882000,-40.80000
-0.00000881000,-43.20000
-0.00000880000,-39.20000
-0.00000879000,-43.20000
-0.00000878000,-42.40001
-0.00000877000,-40.00000
-0.00000876000,-40.80000
-0.00000875000,-40.80000
-0.00000874000,-40.00000
-0.00000873000,-40.80000
-0.00000872000,-40.00000
-0.00000871000,-42.40001
-0.00000870000,-38.40000
-0.00000869000,-39.20000
-0.00000868000,-39.20000
-0.00000867000,-39.20000
-0.00000866000,-39.20000
-0.00000865000,-39.20000
-0.00000864000,-38.40000
-0.00000863000,-37.60000
-0.00000862000,-36.80000
-0.00000861000,-37.60000
-0.00000860000,-36.80000
-0.00000859000,-36.80000
-0.00000858000,-36.80000
-0.00000857000,-37.60000
-0.00000856000,-35.20000
-0.00000855000,-36.00000
-0.00000854000,-36.80000
-0.00000853000,-36.00000
-0.00000852000,-35.20000
-0.00000851000,-35.20000
-0.00000850000,-34.40000
-0.00000849000,-35.20000
-0.00000848000,-34.40000
-0.00000847000,-33.60000
-0.00000846000,-33.60000
-0.00000845000,-34.40000
-0.00000844000,-33.60000
-0.00000843000,-35.20000
-0.00000842000,-33.60000
-0.00000841000,-34.40000
-0.00000840000,-32.80000
-0.00000839000,-33.60000
-0.00000838000,-33.60000
-0.00000837000,-32.80000
-0.00000836000,-32.80000
-0.00000835000,-32.80000
-0.00000834000,-33.60000
-0.00000833000,-34.40000
-0.00000832000,-32.80000
-0.00000831000,-32.80000
-0.00000830000,-32.80000
-0.00000829000,-34.40000
-0.00000828000,-33.60000
-0.00000827000,-33.60000
-0.00000826000,-33.60000
-0.00000825000,-33.60000
-0.00000824000,-33.60000
-0.00000823000,-33.60000
-0.00000822000,-33.60000
-0.00000821000,-35.20000
-0.00000820000,-33.60000
-0.00000819000,-35.20000
-0.00000818000,-34.40000
-0.00000817000,-35.20000
-0.00000816000,-34.40000
-0.00000815000,-35.20000
-0.00000814000,-34.40000
-0.00000813000,-34.40000
-0.00000812000,-33.60000
-0.00000811000,-35.20000
-0.00000810000,-35.20000
-0.00000809000,-36.00000
-0.00000808000,-34.40000
-0.00000807000,-35.20000
-0.00000806000,-36.00000
-0.00000805000,-35.20000
-0.00000804000,-34.40000
-0.00000803000,-36.00000
-0.00000802000,-34.40000
-0.00000801000,-36.00000
-0.00000800000,-36.00000
-0.00000799000,-36.00000
-0.00000798000,-35.20000
-0.00000797000,-36.80000
-0.00000796000,-36.00000
-0.00000795000,-35.20000
-0.00000794000,-36.80000
-0.00000793000,-36.00000
-0.00000792000,-34.40000
-0.00000791000,-36.00000
-0.00000790000,-35.20000
-0.00000789000,-36.00000
-0.00000788000,-36.00000
-0.00000787000,-35.20000
-0.00000786000,-36.00000
-0.00000785000,-36.00000
-0.00000784000,-34.40000
-0.00000783000,-33.60000
-0.00000782000,-32.80000
-0.00000781000,-30.40000
-0.00000780000,-28.00000
-0.00000779000,-25.60000
-0.00000778000,-24.00000
-0.00000777000,-22.40000
-0.00000776000,-21.60000
-0.00000775000,-20.00000
-0.00000774000,-18.40000
-0.00000773000,-16.80000
-0.00000772000,-15.20000
-0.00000771000,-15.20000
-0.00000770000,-13.60000
-0.00000769000,-11.20000
-0.00000768000,-10.40000
-0.00000767000,-8.80000
-0.00000766000,-8.00000
-0.00000765000,-6.40000
-0.00000764000,-5.60000
-0.00000763000,-5.60000
-0.00000762000,-4.00000
-0.00000761000,-3.20000
-0.00000760000,-2.40000
-0.00000759000,-2.40000
-0.00000758000,-1.60000
-0.00000757000,-2.40000
-0.00000756000,-0.80000
-0.00000755000,-0.80000
-0.00000754000,0.00
-0.00000753000,-0.80000
-0.00000752000,0.80000
-0.00000751000,-0.80000
-0.00000750000,1.60000
-0.00000749000,-0.80000
-0.00000748000,0.80000
-0.00000747000,0.80000
-0.00000746000,0.80000
-0.00000745000,0.00
-0.00000744000,0.00
-0.00000743000,0.00
-0.00000742000,0.80000
-0.00000741000,0.00
-0.00000740000,0.80000
-0.00000739000,-0.80000
-0.00000738000,0.80000
-0.00000737000,0.00
-0.00000736000,-0.80000
-0.00000735000,0.00
-0.00000734000,0.80000
-0.00000733000,0.00
-0.00000732000,0.00
-0.00000731000,0.00
-0.00000730000,0.80000
-0.00000729000,0.00
-0.00000728000,0.80000
-0.00000727000,0.00
-0.00000726000,0.80000
-0.00000725000,0.00
-0.00000724000,1.60000
-0.00000723000,0.00
-0.00000722000,1.60000
-0.00000721000,0.80000
-0.00000720000,0.80000
-0.00000719000,0.00
-0.00000718000,0.00
-0.00000717000,0.00
-0.00000716000,0.00
-0.00000715000,0.00
-0.00000714000,0.00
-0.00000713000,-0.80000
-0.00000712000,0.80000
-0.00000711000,0.00
-0.00000710000,0.80000
-0.00000709000,0.00
-0.00000708000,0.80000
-0.00000707000,0.80000
-0.00000706000,0.80000
-0.00000705000,0.00
-0.00000704000,0.80000
-0.00000703000,-0.80000
-0.00000702000,0.80000
-0.00000701000,0.00
-0.00000700000,0.80000
-0.00000699000,0.80000
-0.00000698000,0.80000
-0.00000697000,0.00
-0.00000696000,0.80000
-0.00000695000,0.00
-0.00000694000,0.00
-0.00000693000,0.00
-0.00000692000,0.00
-0.00000691000,-0.80000
-0.00000690000,0.80000
-0.00000689000,-0.80000
-0.00000688000,-0.80000
-0.00000687000,-0.80000
-0.00000686000,-0.80000
-0.00000685000,-0.80000
-0.00000684000,-0.80000
-0.00000683000,-0.80000
-0.00000682000,-0.80000
-0.00000681000,-1.60000
-0.00000680000,-1.60000
-0.00000679000,-2.40000
-0.00000678000,-1.60000
-0.00000677000,-3.20000
-0.00000676000,-2.40000
-0.00000675000,-3.20000
-0.00000674000,-2.40000
-0.00000673000,-3.20000
-0.00000672000,-4.80000
-0.00000671000,-4.80000
-0.00000670000,-4.00000
-0.00000669000,-5.60000
-0.00000668000,-4.80000
-0.00000667000,-7.20000
-0.00000666000,-5.60000
-0.00000665000,-8.00000
-0.00000664000,-7.20000
-0.00000663000,-8.80000
-0.00000662000,-8.80000
-0.00000661000,-9.60000
-0.00000660000,-9.60000
-0.00000659000,-11.20000
-0.00000658000,-10.40000
-0.00000657000,-11.20000
-0.00000656000,-11.20000
-0.00000655000,-12.80000
-0.00000654000,-12.80000
-0.00000653000,-12.80000
-0.00000652000,-13.60000
-0.00000651000,-15.20000
-0.00000650000,-15.20000
-0.00000649000,-16.00000
-0.00000648000,-16.00000
-0.00000647000,-16.80000
-0.00000646000,-16.80000
-0.00000645000,-16.80000
-0.00000644000,-16.80000
-0.00000643000,-18.40000
-0.00000642000,-16.80000
-0.00000641000,-18.40000
-0.00000640000,-17.60000
-0.00000639000,-19.20000
-0.00000638000,-19.20000
-0.00000637000,-20.00000
-0.00000636000,-18.40000
-0.00000635000,-18.40000
-0.00000634000,-18.40000
-0.00000633000,-19.20000
-0.00000632000,-19.20000
-0.00000631000,-18.40000
-0.00000630000,-18.40000
-0.00000629000,-18.40000
-0.00000628000,-17.60000
-0.00000627000,-18.40000
-0.00000626000,-17.60000
-0.00000625000,-18.40000
-0.00000624000,-16.80000
-0.00000623000,-17.60000
-0.00000622000,-16.00000
-0.00000621000,-16.00000
-0.00000620000,-15.20000
-0.00000619000,-15.20000
-0.00000618000,-15.20000
-0.00000617000,-15.20000
-0.00000616000,-12.80000
-0.00000615000,-13.60000
-0.00000614000,-12.00000
-0.00000613000,-12.00000
-0.00000612000,-12.00000
-0.00000611000,-11.20000
-0.00000610000,-11.20000
-0.00000609000,-10.40000
-0.00000608000,-9.60000
-0.00000607000,-9.60000
-0.00000606000,-8.80000
-0.00000605000,-8.80000
-0.00000604000,-8.00000
-0.00000603000,-8.00000
-0.00000602000,-8.00000
-0.00000601000,-8.00000
-0.00000600000,-7.20000
-0.00000599000,-6.40000
-0.00000598000,-5.60000
-0.00000597000,-6.40000
-0.00000596000,-5.60000
-0.00000595000,-5.60000
-0.00000594000,-4.00000
-0.00000593000,-4.80000
-0.00000592000,-4.00000
-0.00000591000,-4.80000
-0.00000590000,-4.00000
-0.00000589000,-3.20000
-0.00000588000,-3.20000
-0.00000587000,-3.20000
-0.00000586000,-2.40000
-0.00000585000,-3.20000
-0.00000584000,-2.40000
-0.00000583000,-3.20000
-0.00000582000,-3.20000
-0.00000581000,-3.20000
-0.00000580000,-1.60000
-0.00000579000,-2.40000
-0.00000578000,-1.60000
-0.00000577000,-1.60000
-0.00000576000,-1.60000
-0.00000575000,-1.60000
-0.00000574000,-1.60000
-0.00000573000,-1.60000
-0.00000572000,-1.60000
-0.00000571000,-1.60000
-0.00000570000,-0.80000
-0.00000569000,-1.60000
-0.00000568000,-0.80000
-0.00000567000,-1.60000
-0.00000566000,-0.80000
-0.00000565000,-1.60000
-0.00000564000,-1.60000
-0.00000563000,-1.60000
-0.00000562000,-1.60000
-0.00000561000,-1.60000
-0.00000560000,-0.80000
-0.00000559000,-1.60000
-0.00000558000,-0.80000
-0.00000557000,-0.80000
-0.00000556000,-1.60000
-0.00000555000,-1.60000
-0.00000554000,-1.60000
-0.00000553000,-2.40000
-0.00000552000,-1.60000
-0.00000551000,-3.20000
-0.00000550000,-1.60000
-0.00000549000,-3.20000
-0.00000548000,-2.40000
-0.00000547000,-2.40000
-0.00000546000,-3.20000
-0.00000545000,-3.20000
-0.00000544000,-4.00000
-0.00000543000,-4.00000
-0.00000542000,-3.20000
-0.00000541000,-4.00000
-0.00000540000,-4.00000
-0.00000539000,-4.80000
-0.00000538000,-4.00000
-0.00000537000,-5.60000
-0.00000536000,-5.60000
-0.00000535000,-5.60000
-0.00000534000,-4.80000
-0.00000533000,-5.60000
-0.00000532000,-6.40000
-0.00000531000,-6.40000
-0.00000530000,-5.60000
-0.00000529000,-6.40000
-0.00000528000,-7.20000
-0.00000527000,-7.20000
-0.00000526000,-8.00000
-0.00000525000,-7.20000
-0.00000524000,-8.80000
-0.00000523000,-8.80000
-0.00000522000,-8.00000
-0.00000521000,-8.80000
-0.00000520000,-8.80000
-0.00000519000,-9.60000
-0.00000518000,-8.80000
-0.00000517000,-10.40000
-0.00000516000,-9.60000
-0.00000515000,-10.40000
-0.00000514000,-10.40000
-0.00000513000,-11.20000
-0.00000512000,-10.40000
-0.00000511000,-11.20000
-0.00000510000,-10.40000
-0.00000509000,-12.00000
-0.00000508000,-10.40000
-0.00000507000,-11.20000
-0.00000506000,-12.00000
-0.00000505000,-11.20000
-0.00000504000,-12.00000
-0.00000503000,-12.00000
-0.00000502000,-12.00000
-0.00000501000,-12.80000
-0.00000500000,-12.00000
-0.00000499000,-12.00000
-0.00000498000,-11.20000
-0.00000497000,-12.80000
-0.00000496000,-11.20000
-0.00000495000,-12.80000
-0.00000494000,-12.00000
-0.00000493000,-12.80000
-0.00000492000,-12.80000
-0.00000491000,-12.80000
-0.00000490000,-12.00000
-0.00000489000,-12.80000
-0.00000488000,-13.60000
-0.00000487000,-12.80000
-0.00000486000,-12.00000
-0.00000485000,-12.00000
-0.00000484000,-10.40000
-0.00000483000,-12.00000
-0.00000482000,-11.20000
-0.00000481000,-11.20000
-0.00000480000,-10.40000
-0.00000479000,-10.40000
-0.00000478000,-10.40000
-0.00000477000,-10.40000
-0.00000476000,-9.60000
-0.00000475000,-10.40000
-0.00000474000,-10.40000
-0.00000473000,-10.40000
-0.00000472000,-8.80000
-0.00000471000,-9.60000
-0.00000470000,-8.80000
-0.00000469000,-9.60000
-0.00000468000,-8.00000
-0.00000467000,-8.80000
-0.00000466000,-8.00000
-0.00000465000,-8.80000
-0.00000464000,-8.00000
-0.00000463000,-8.00000
-0.00000462000,-7.20000
-0.00000461000,-8.00000
-0.00000460000,-8.00000
-0.00000459000,-7.20000
-0.00000458000,-6.40000
-0.00000457000,-7.20000
-0.00000456000,-7.20000
-0.00000455000,-8.00000
-0.00000454000,-5.60000
-0.00000453000,-7.20000
-0.00000452000,-5.60000
-0.00000451000,-6.40000
-0.00000450000,-6.40000
-0.00000449000,-6.40000
-0.00000448000,-5.60000
-0.00000447000,-6.40000
-0.00000446000,-4.80000
-0.00000445000,-6.40000
-0.00000444000,-5.60000
-0.00000443000,-6.40000
-0.00000442000,-5.60000
-0.00000441000,-5.60000
-0.00000440000,-4.80000
-0.00000439000,-5.60000
-0.00000438000,-4.80000
-0.00000437000,-5.60000
-0.00000436000,-4.80000
-0.00000435000,-5.60000
-0.00000434000,-5.60000
-0.00000433000,-5.60000
-0.00000432000,-5.60000
-0.00000431000,-5.60000
-0.00000430000,-4.80000
-0.00000429000,-4.80000
-0.00000428000,-4.80000
-0.00000427000,-6.40000
-0.00000426000,-4.80000
-0.00000425000,-4.80000
-0.00000424000,-4.80000
-0.00000423000,-5.60000
-0.00000422000,-5.60000
-0.00000421000,-6.40000
-0.00000420000,-4.80000
-0.00000419000,-6.40000
-0.00000418000,-4.80000
-0.00000417000,-6.40000
-0.00000416000,-5.60000
-0.00000415000,-6.40000
-0.00000414000,-5.60000
-0.00000413000,-6.40000
-0.00000412000,-6.40000
-0.00000411000,-6.40000
-0.00000410000,-5.60000
-0.00000409000,-6.40000
-0.00000408000,-5.60000
-0.00000407000,-6.40000
-0.00000406000,-6.40000
-0.00000405000,-8.00000
-0.00000404000,-6.40000
-0.00000403000,-6.40000
-0.00000402000,-7.20000
-0.00000401000,-7.20000
-0.00000400000,-7.20000
-0.00000399000,-7.20000
-0.00000398000,-7.20000
-0.00000397000,-8.00000
-0.00000396000,-7.20000
-0.00000395000,-8.00000
-0.00000394000,-7.20000
-0.00000393000,-8.00000
-0.00000392000,-8.00000
-0.00000391000,-8.00000
-0.00000390000,-8.00000
-0.00000389000,-8.80000
-0.00000388000,-7.20000
-0.00000387000,-8.80000
-0.00000386000,-8.80000
-0.00000385000,-8.80000
-0.00000384000,-9.60000
-0.00000383000,-9.60000
-0.00000382000,-9.60000
-0.00000381000,-9.60000
-0.00000380000,-8.80000
-0.00000379000,-10.40000
-0.00000378000,-8.80000
-0.00000377000,-9.60000
-0.00000376000,-10.40000
-0.00000375000,-10.40000
-0.00000374000,-10.40000
-0.00000373000,-9.60000
-0.00000372000,-8.80000
-0.00000371000,-9.60000
-0.00000370000,-10.40000
-0.00000369000,-11.20000
-0.00000368000,-9.60000
-0.00000367000,-10.40000
-0.00000366000,-10.40000
-0.00000365000,-10.40000
-0.00000364000,-10.40000
-0.00000363000,-11.20000
-0.00000362000,-10.40000
-0.00000361000,-11.20000
-0.00000360000,-10.40000
-0.00000359000,-10.40000
-0.00000358000,-10.40000
-0.00000357000,-11.20000
-0.00000356000,-10.40000
-0.00000355000,-11.20000
-0.00000354000,-10.40000
-0.00000353000,-9.60000
-0.00000352000,-10.40000
-0.00000351000,-9.60000
-0.00000350000,-9.60000
-0.00000349000,-11.20000
-0.00000348000,-10.40000
-0.00000347000,-10.40000
-0.00000346000,-10.40000
-0.00000345000,-9.60000
-0.00000344000,-9.60000
-0.00000343000,-9.60000
-0.00000342000,-8.80000
-0.00000341000,-9.60000
-0.00000340000,-9.60000
-0.00000339000,-9.60000
-0.00000338000,-8.80000
-0.00000337000,-9.60000
-0.00000336000,-8.80000
-0.00000335000,-9.60000
-0.00000334000,-8.80000
-0.00000333000,-9.60000
-0.00000332000,-9.60000
-0.00000331000,-8.80000
-0.00000330000,-8.00000
-0.00000329000,-8.80000
-0.00000328000,-8.00000
-0.00000327000,-8.80000
-0.00000326000,-8.00000
-0.00000325000,-9.60000
-0.00000324000,-8.00000
-0.00000323000,-8.80000
-0.00000322000,-8.80000
-0.00000321000,-8.80000
-0.00000320000,-8.00000
-0.00000319000,-8.00000
-0.00000318000,-8.00000
-0.00000317000,-8.00000
-0.00000316000,-7.20000
-0.00000315000,-8.80000
-0.00000314000,-8.00000
-0.00000313000,-8.00000
-0.00000312000,-7.20000
-0.00000311000,-8.00000
-0.00000310000,-8.00000
-0.00000309000,-8.00000
-0.00000308000,-8.00000
-0.00000307000,-8.80000
-0.00000306000,-8.00000
-0.00000305000,-8.80000
-0.00000304000,-7.20000
-0.00000303000,-8.00000
-0.00000302000,-7.20000
-0.00000301000,-8.00000
-0.00000300000,-7.20000
-0.00000299000,-8.00000
-0.00000298000,-8.00000
-0.00000297000,-7.20000
-0.00000296000,-8.00000
-0.00000295000,-8.00000
-0.00000294000,-7.20000
-0.00000293000,-8.00000
-0.00000292000,-8.00000
-0.00000291000,-8.00000
-0.00000290000,-8.00000
-0.00000289000,-8.00000
-0.00000288000,-8.00000
-0.00000287000,-8.00000
-0.00000286000,-8.00000
-0.00000285000,-8.80000
-0.00000284000,-8.00000
-0.00000283000,-8.00000
-0.00000282000,-8.00000
-0.00000281000,-8.80000
-0.00000280000,-8.00000
-0.00000279000,-8.80000
-0.00000278000,-7.20000
-0.00000277000,-8.00000
-0.00000276000,-8.00000
-0.00000275000,-8.80000
-0.00000274000,-7.20000
-0.00000273000,-8.80000
-0.00000272000,-8.00000
-0.00000271000,-9.60000
-0.00000270000,-8.00000
-0.00000269000,-8.80000
-0.00000268000,-8.00000
-0.00000267000,-8.80000
-0.00000266000,-8.80000
-0.00000265000,-8.80000
-0.00000264000,-7.20000
-0.00000263000,-8.80000
-0.00000262000,-8.80000
-0.00000261000,-9.60000
-0.00000260000,-8.00000
-0.00000259000,-8.80000
-0.00000258000,-8.80000
-0.00000257000,-8.80000
-0.00000256000,-8.80000
-0.00000255000,-9.60000
-0.00000254000,-8.80000
-0.00000253000,-8.80000
-0.00000252000,-8.80000
-0.00000251000,-9.60000
-0.00000250000,-10.40000
-0.00000249000,-11.20000
-0.00000248000,-10.40000
-0.00000247000,-11.20000
-0.00000246000,-10.40000
-0.00000245000,-10.40000
-0.00000244000,-9.60000
-0.00000243000,-9.60000
-0.00000242000,-8.00000
-0.00000241000,-8.00000
-0.00000240000,-7.20000
-0.00000239000,-7.20000
-0.00000238000,-5.60000
-0.00000237000,-4.80000
-0.00000236000,-4.80000
-0.00000235000,-4.00000
-0.00000234000,-4.00000
-0.00000233000,-4.00000
-0.00000232000,-4.00000
-0.00000231000,-3.20000
-0.00000230000,-4.80000
-0.00000229000,-3.20000
-0.00000228000,-2.40000
-0.00000227000,-2.40000
-0.00000226000,-2.40000
-0.00000225000,-1.60000
-0.00000224000,-1.60000
-0.00000223000,-2.40000
-0.00000222000,-1.60000
-0.00000221000,-0.80000
-0.00000220000,-0.80000
-0.00000219000,-0.80000
-0.00000218000,-0.80000
-0.00000217000,-1.60000
-0.00000216000,-0.80000
-0.00000215000,-0.80000
-0.00000214000,0.00
-0.00000213000,-0.80000
-0.00000212000,0.00
-0.00000211000,-1.60000
-0.00000210000,0.00
-0.00000209000,-0.80000
-0.00000208000,0.00
-0.00000207000,-0.80000
-0.00000206000,0.80000
-0.00000205000,-0.80000
-0.00000204000,0.00
-0.00000203000,-0.80000
-0.00000202000,0.80000
-0.00000201000,-0.80000
-0.00000200000,-0.80000
-0.00000199000,-0.80000
-0.00000198000,0.00
-0.00000197000,0.00
-0.00000196000,0.00
-0.00000195000,-0.80000
-0.00000194000,0.00
-0.00000193000,-0.80000
-0.00000192000,0.80000
-0.00000191000,-0.80000
-0.00000190000,0.80000
-0.00000189000,0.00
-0.00000188000,0.00
-0.00000187000,0.00
-0.00000186000,-0.80000
-0.00000185000,0.00
-0.00000184000,-0.80000
-0.00000183000,-0.80000
-0.00000182000,0.80000
-0.00000181000,-0.80000
-0.00000180000,0.00
-0.00000179000,0.00
-0.00000178000,0.00
-0.00000177000,0.00
-0.00000176000,-0.80000
-0.00000175000,0.00
-0.00000174000,-0.80000
-0.00000173000,-0.80000
-0.00000172000,0.00
-0.00000171000,-0.80000
-0.00000170000,0.00
-0.00000169000,-0.80000
-0.00000168000,0.00
-0.00000167000,-0.80000
-0.00000166000,0.00
-0.00000165000,-0.80000
-0.00000164000,0.00
-0.00000163000,-0.80000
-0.00000162000,-0.80000
-0.00000161000,-0.80000
-0.00000160000,0.00
-0.00000159000,-0.80000
-0.00000158000,0.00
-0.00000157000,-0.80000
-0.00000156000,-0.80000
-0.00000155000,-0.80000
-0.00000154000,0.00
-0.00000153000,0.00
-0.00000152000,-0.80000
-0.00000151000,-0.80000
-0.00000150000,0.00
-0.00000149000,-0.80000
-0.00000148000,-0.80000
-0.00000147000,-0.80000
-0.00000146000,0.00
-0.00000145000,-0.80000
-0.00000144000,0.00
-0.00000143000,0.00
-0.00000142000,0.00
-0.00000141000,0.00
-0.00000140000,-0.80000
-0.00000139000,-0.80000
-0.00000138000,-0.80000
-0.00000137000,-0.80000
-0.00000136000,0.00
-0.00000135000,-0.80000
-0.00000134000,-0.80000
-0.00000133000,-0.80000
-0.00000132000,0.00
-0.00000131000,-0.80000
-0.00000130000,-0.80000
-0.00000129000,-0.80000
-0.00000128000,-0.80000
-0.00000127000,-0.80000
-0.00000126000,-0.80000
-0.00000125000,-0.80000
-0.00000124000,-1.60000
-0.00000123000,-2.40000
-0.00000122000,-2.40000
-0.00000121000,-2.40000
-0.00000120000,-2.40000
-0.00000119000,-3.20000
-0.00000118000,-2.40000
-0.00000117000,-4.00000
-0.00000116000,-4.80000
-0.00000115000,-4.80000
-0.00000114000,-4.80000
-0.00000113000,-7.20000
-0.00000112000,-5.60000
-0.00000111000,-9.60000
-0.00000110000,-8.80000
-0.00000109000,-12.00000
-0.00000108000,-12.00000
-0.00000107000,-16.00000
-0.00000106000,-16.00000
-0.00000105000,-19.20000
-0.00000104000,-21.60000
-0.00000103000,-25.60000
-0.00000102000,-28.00000
-0.00000101000,-39.20000
-0.00000100000,-44.00000
-0.00000099000,-49.60001
-0.00000098000,-46.40001
-0.00000097000,-43.20000
-0.00000096000,-44.00000
-0.00000095000,-43.20000
-0.00000094000,-40.80000
-0.00000093000,-43.20000
-0.00000092000,-39.20000
-0.00000091000,-42.40001
-0.00000090000,-40.80000
-0.00000089000,-43.20000
-0.00000088000,-39.20000
-0.00000087000,-42.40001
-0.00000086000,-40.00000
-0.00000085000,-40.80000
-0.00000084000,-39.20000
-0.00000083000,-40.80000
-0.00000082000,-39.20000
-0.00000081000,-40.00000
-0.00000080000,-39.20000
-0.00000079000,-39.20000
-0.00000078000,-37.60000
-0.00000077000,-39.20000
-0.00000076000,-38.40000
-0.00000075000,-38.40000
-0.00000074000,-36.80000
-0.00000073000,-38.40000
-0.00000072000,-36.80000
-0.00000071000,-37.60000
-0.00000070000,-36.80000
-0.00000069000,-36.00000
-0.00000068000,-36.80000
-0.00000067000,-36.00000
-0.00000066000,-35.20000
-0.00000065000,-36.00000
-0.00000064000,-35.20000
-0.00000063000,-35.20000
-0.00000062000,-34.40000
-0.00000061000,-36.00000
-0.00000060000,-34.40000
-0.00000059000,-34.40000
-0.00000058000,-33.60000
-0.00000057000,-35.20000
-0.00000056000,-33.60000
-0.00000055000,-34.40000
-0.00000054000,-33.60000
-0.00000053000,-32.80000
-0.00000052000,-33.60000
-0.00000051000,-33.60000
-0.00000050000,-32.80000
-0.00000049000,-33.60000
-0.00000048000,-33.60000
-0.00000047000,-33.60000
-0.00000046000,-32.00000
-0.00000045000,-34.40000
-0.00000044000,-32.00000
-0.00000043000,-32.80000
-0.00000042000,-32.00000
-0.00000041000,-33.60000
-0.00000040000,-33.60000
-0.00000039000,-34.40000
-0.00000038000,-32.80000
-0.00000037000,-33.60000
-0.00000036000,-33.60000
-0.00000035000,-34.40000
-0.00000034000,-34.40000
-0.00000033000,-34.40000
-0.00000032000,-33.60000
-0.00000031000,-34.40000
-0.00000030000,-33.60000
-0.00000029000,-34.40000
-0.00000028000,-34.40000
-0.00000027000,-34.40000
-0.00000026000,-33.60000
-0.00000025000,-35.20000
-0.00000024000,-34.40000
-0.00000023000,-35.20000
-0.00000022000,-35.20000
-0.00000021000,-34.40000
-0.00000020000,-33.60000
-0.00000019000,-36.00000
-0.00000018000,-34.40000
-0.00000017000,-34.40000
-0.00000016000,-35.20000
-0.00000015000,-36.00000
-0.00000014000,-34.40000
-0.00000013000,-36.00000
-0.00000012000,-35.20000
-0.00000011000,-36.00000
-0.00000010000,-35.20000
-0.00000009000,-36.00000
-0.00000008000,-36.80000
-0.00000007000,-36.00000
-0.00000006000,-35.20000
-0.00000005000,-37.60000
-0.00000004000,-36.00000
-0.00000003000,-36.00000
-0.00000002000,-34.40000
-0.00000001000,-36.00000
 0.00000000000,-36.00000
 0.00000001000,-35.20000
 0.00000002000,-35.20000
 0.00000003000,-36.00000
 0.00000004000,-34.40000
 0.00000005000,-34.40000
 0.00000006000,-33.60000
 0.00000007000,-32.00000
 0.00000008000,-29.60000
 0.00000009000,-27.20000
 0.00000010000,-25.60000
 0.00000011000,-24.00000
 0.00000012000,-22.40000
 0.00000013000,-20.80000
 0.00000014000,-20.80000
 0.00000015000,-18.40000
 0.00000016000,-17.60000
 0.00000017000,-15.20000
 0.00000018000,-13.60000
 0.00000019000,-12.00000
 0.00000020000,-10.40000
 0.00000021000,-9.60000
 0.00000022000,-9.60000
 0.00000023000,-8.00000
 0.00000024000,-7.20000
 0.00000025000,-6.40000
 0.00000026000,-5.60000
 0.00000027000,-4.00000
 0.00000028000,-2.40000
 0.00000029000,-3.20000
 0.00000030000,-2.40000
 0.00000031000,-1.60000
 0.00000032000,-0.80000
 0.00000033000,-0.80000
 0.00000034000,0.00
 0.00000035000,-0.80000
 0.00000036000,-0.80000
 0.00000037000,0.00
 0.00000038000,0.80000
 0.00000039000,0.00
 0.00000040000,0.80000
 0.00000041000,0.80000
 0.00000042000,1.60000
 0.00000043000,0.00
 0.00000044000,0.80000
 0.00000045000,0.00
 0.00000046000,0.80000
 0.00000047000,-0.80000
 0.00000048000,0.00
 0.00000049000,0.00
 0.00000050000,0.00
 0.00000051000,0.00
 0.00000052000,0.80000
 0.00000053000,0.00
 0.00000054000,0.80000
 0.00000055000,0.00
 0.00000056000,1.60000
 0.00000057000,0.00
 0.00000058000,0.00
 0.00000059000,0.00
 0.00000060000,0.00
 0.00000061000,-0.80000
 0.00000062000,0.80000
 0.00000063000,0.80000
 0.00000064000,0.80000
 0.00000065000,0.00
 0.00000066000,0.80000
 0.00000067000,0.80000
 0.00000068000,0.80000
 0.00000069000,0.00
 0.00000070000,0.00
 0.00000071000,0.00
 0.00000072000,0.80000
 0.00000073000,0.00
 0.00000074000,0.00
 0.00000075000,-0.80000
 0.00000076000,0.80000
 0.00000077000,0.00
 0.00000078000,0.80000
 0.00000079000,0.00
 0.00000080000,0.80000
 0.00000081000,0.80000
 0.00000082000,0.80000
 0.00000083000,0.80000
 0.00000084000,0.00
 0.00000085000,0.00
 0.00000086000,0.80000
 0.00000087000,0.00
 0.00000088000,0.80000
 0.00000089000,0.80000
 0.00000090000,0.00
 0.00000091000,0.80000
 0.00000092000,0.00
 0.00000093000,0.00
 0.00000094000,0.80000
 0.00000095000,-0.80000
 0.00000096000,0.00
 0.00000097000,0.00
 0.00000098000,0.80000
 0.00000099000,0.00
 0.00000100000,0.00
 0.00000101000,-0.80000
 0.00000102000,0.00
 0.00000103000,-0.80000
 0.00000104000,-0.80000
 0.00000105000,-1.60000
 0.00000106000,-0.80000
 0.00000107000,-1.60000
 0.00000108000,-1.60000
 0.00000109000,-1.60000
 0.00000110000,-0.80000
 0.00000111000,-1.60000
 0.00000112000,-1.60000
 0.00000113000,-3.20000
 0.00000114000,-4.00000
 0.00000115000,-3.20000
 0.00000116000,-3.20000
 0.00000117000,-4.00000
 0.00000118000,-4.00000
 0.00000119000,-4.80000
 0.00000120000,-4.80000
 0.00000121000,-6.40000
 0.00000122000,-6.40000
 0.00000123000,-7.20000
 0.00000124000,-7.20000
 0.00000125000,-8.00000
 0.00000126000,-7.20000
 0.00000127000,-8.80000
 0.00000128000,-8.80000
 0.00000129000,-9.60000
 0.00000130000,-10.40000
 0.00000131000,-11.20000
 0.00000132000,-11.20000
 0.00000133000,-12.00000
 0.00000134000,-11.20000
 0.00000135000,-12.80000
 0.00000136000,-13.60000
 0.00000137000,-15.20000
 0.00000138000,-13.60000
 0.00000139000,-15.20000
 0.00000140000,-15.20000
 0.00000141000,-16.80000
 0.00000142000,-16.00000
 0.00000143000,-16.80000
 0.00000144000,-17.60000
 0.00000145000,-18.40000
 0.00000146000,-17.60000
 0.00000147000,-18.40000
 0.00000148000,-17.60000
 0.00000149000,-18.40000
 0.00000150000,-18.40000
 0.00000151000,-18.40000
 0.00000152000,-19.20000
 0.00000153000,-19.20000
 0.00000154000,-18.40000
 0.00000155000,-19.20000
 0.00000156000,-18.40000
 0.00000157000,-20.00000
 0.00000158000,-17.60000
 0.00000159000,-19.20000
 0.00000160000,-18.40000
 0.00000161000,-19.20000
 0.00000162000,-17.60000
 0.00000163000,-17.60000
 0.00000164000,-17.60000
 0.00000165000,-16.80000
 0.00000166000,-16.80000
 0.00000167000,-16.80000
 0.00000168000,-15.20000
 0.00000169000,-16.80000
 0.00000170000,-15.20000
 0.00000171000,-13.60000
 0.00000172000,-15.20000
 0.00000173000,-13.60000
 0.00000174000,-12.80000
 0.00000175000,-12.80000
 0.00000176000,-12.00000
 0.00000177000,-12.80000
 0.00000178000,-11.20000
 0.00000179000,-11.20000
 0.00000180000,-10.40000
 0.00000181000,-10.40000
 0.00000182000,-8.80000
 0.00000183000,-8.80000
 0.00000184000,-10.40000
 0.00000185000,-8.00000
 0.00000186000,-7.20000
 0.00000187000,-8.00000
 0.00000188000,-7.20000
 0.00000189000,-7.20000
 0.00000190000,-8.00000
 0.00000191000,-6.40000
 0.00000192000,-5.60000
 0.00000193000,-5.60000
 0.00000194000,-4.80000
 0.00000195000,-4.80000
 0.00000196000,-4.80000
 0.00000197000,-4.00000
 0.00000198000,-4.80000
 0.00000199000,-4.80000
 0.00000200000,-3.20000
 0.00000201000,-3.20000
 0.00000202000,-2.40000
 0.00000203000,-3.20000
 0.00000204000,-2.40000
 0.00000205000,-2.40000
 0.00000206000,-3.20000
 0.00000207000,-2.40000
 0.00000208000,-1.60000
 0.00000209000,-2.40000
 0.00000210000,-2.40000
 0.00000211000,-1.60000
 0.00000212000,-1.60000
 0.00000213000,-1.60000
 0.00000214000,-0.80000
 0.00000215000,-1.60000
 0.00000216000,-0.80000
 0.00000217000,-1.60000
 0.00000218000,-0.80000
 0.00000219000,-1.60000
 0.00000220000,-1.60000
 0.00000221000,-1.60000
 0.00000222000,-0.80000
 0.00000223000,-1.60000
 0.00000224000,-0.80000
 0.00000225000,-1.60000
 0.00000226000,-0.80000
 0.00000227000,-1.60000
 0.00000228000,-1.60000
 0.00000229000,-2.40000
 0.00000230000,-0.80000
 0.00000231000,-1.60000
 0.00000232000,-1.60000
 0.00000233000,-2.40000
 0.00000234000,-1.60000
 0.00000235000,-2.40000
 0.00000236000,-2.40000
 0.00000237000,-1.60000
 0.00000238000,-2.40000
 0.00000239000,-2.40000
 0.00000240000,-1.60000
 0.00000241000,-3.20000
 0.00000242000,-2.40000
 0.00000243000,-4.00000
 0.00000244000,-3.20000
 0.00000245000,-4.00000
 0.00000246000,-3.20000
 0.00000247000,-4.00000
 0.00000248000,-3.20000
 0.00000249000,-4.80000
 0.00000250000,-4.00000
 0.00000251000,-4.80000
 0.00000252000,-4.80000
 0.00000253000,-5.60000
 0.00000254000,-4.80000
 0.00000255000,-5.60000
 0.00000256000,-4.80000
 0.00000257000,-6.40000
 0.00000258000,-6.40000
 0.00000259000,-7.20000
 0.00000260000,-5.60000
 0.00000261000,-8.00000
 0.00000262000,-7.20000
 0.00000263000,-7.20000
 0.00000264000,-7.20000
 0.00000265000,-8.00000
 0.00000266000,-8.00000
 0.00000267000,-8.80000
 0.00000268000,-8.80000
 0.00000269000,-10.40000
 0.00000270000,-8.80000
 0.00000271000,-9.60000
 0.00000272000,-9.60000
 0.00000273000,-10.40000
 0.00000274000,-10.40000
 0.00000275000,-11.20000
 0.00000276000,-10.40000
 0.00000277000,-11.20000
 0.00000278000,-11.20000
 0.00000279000,-11.20000
 0.00000280000,-12.00000
 0.00000281000,-12.00000
 0.00000282000,-11.20000
 0.00000283000,-12.00000
 0.00000284000,-11.20000
 0.00000285000,-11.20000
 0.00000286000,-11.20000
 0.00000287000,-12.80000
 0.00000288000,-12.80000
 0.00000289000,-11.20000
 0.00000290000,-12.00000
 0.00000291000,-12.80000
 0.00000292000,-12.00000
 0.00000293000,-12.80000
 0.00000294000,-12.80000
 0.00000295000,-12.80000
 0.00000296000,-12.00000
 0.00000297000,-12.00000
 0.00000298000,-12.00000
 0.00000299000,-12.80000
 0.00000300000,-12.00000
 0.00000301000,-12.80000
 0.00000302000,-11.20000
 0.00000303000,-12.80000
 0.00000304000,-12.00000
 0.00000305000,-11.20000
 0.00000306000,-11.20000
 0.00000307000,-12.00000
 0.00000308000,-10.40000
 0.00000309000,-11.20000
 0.00000310000,-10.40000
 0.00000311000,-11.20000
 0.00000312000,-10.40000
 0.00000313000,-10.40000
 0.00000314000,-10.40000
 0.00000315000,-10.40000
 0.00000316000,-10.40000
 0.00000317000,-9.60000
 0.00000318000,-8.80000
 0.00000319000,-9.60000
 0.00000320000,-8.00000
 0.00000321000,-9.60000
 0.00000322000,-8.00000
 0.00000323000,-8.00000
 0.00000324000,-7.20000
 0.00000325000,-8.80000
 0.00000326000,-7.20000
 0.00000327000,-7.20000
 0.00000328000,-7.20000
 0.00000329000,-8.00000
 0.00000330000,-7.20000
 0.00000331000,-6.40000
 0.00000332000,-7.20000
 0.00000333000,-7.20000
 0.00000334000,-5.60000
 0.00000335000,-7.20000
 0.00000336000,-5.60000
 0.00000337000,-6.40000
 0.00000338000,-6.40000
 0.00000339000,-6.40000
 0.00000340000,-5.60000
 0.00000341000,-6.40000
 0.00000342000,-5.60000
 0.00000343000,-6.40000
 0.00000344000,-5.60000
 0.00000345000,-5.60000
 0.00000346000,-5.60000
 0.00000347000,-5.60000
 0.00000348000,-4.80000
 0.00000349000,-4.80000
 0.00000350000,-4.00000
 0.00000351000,-5.60000
 0.00000352000,-4.80000
 0.00000353000,-5.60000
 0.00000354000,-4.80000
 0.00000355000,-5.60000
 0.00000356000,-4.80000
 0.00000357000,-4.80000
 0.00000358000,-4.00000
 0.00000359000,-4.80000
 0.00000360000,-4.80000
 0.00000361000,-6.40000
 0.00000362000,-4.00000
 0.00000363000,-5.60000
 0.00000364000,-5.60000
 0.00000365000,-5.60000
 0.00000366000,-4.80000
 0.00000367000,-5.60000
 0.00000368000,-5.60000
 0.00000369000,-7.20000
 0.00000370000,-4.80000
 0.00000371000,-6.40000
 0.00000372000,-4.80000
 0.00000373000,-6.40000
 0.00000374000,-4.80000
 0.00000375000,-6.40000
 0.00000376000,-5.60000
 0.00000377000,-6.40000
 0.00000378000,-6.40000
 0.00000379000,-6.40000
 0.00000380000,-6.40000
 0.00000381000,-7.20000
 0.00000382000,-5.60000
 0.00000383000,-6.40000
 0.00000384000,-7.20000
 0.00000385000,-7.20000
 0.00000386000,-7.20000
 0.00000387000,-8.00000
 0.00000388000,-7.20000
 0.00000389000,-7.20000
 0.00000390000,-6.40000
 0.00000391000,-8.00000
 0.00000392000,-7.20000
 0.00000393000,-7.20000
 0.00000394000,-7.20000
 0.00000395000,-8.00000
 0.00000396000,-7.20000
 0.00000397000,-8.80000
 0.00000398000,-7.20000
 0.00000399000,-8.80000
 0.00000400000,-8.00000
 0.00000401000,-8.80000
 0.00000402000,-9.60000
 0.00000403000,-8.80000
 0.00000404000,-9.60000
 0.00000405000,-8.80000
 0.00000406000,-9.60000
 0.00000407000,-10.40000
 0.00000408000,-8.80000
 0.00000409000,-9.60000
 0.00000410000,-8.80000
 0.00000411000,-10.40000
 0.00000412000,-9.60000
 0.00000413000,-11.20000
 0.00000414000,-10.40000
 0.00000415000,-9.60000
 0.00000416000,-9.60000
 0.00000417000,-9.60000
 0.00000418000,-9.60000
 0.00000419000,-9.60000
 0.00000420000,-9.60000
 0.00000421000,-11.20000
 0.00000422000,-9.60000
 0.00000423000,-10.40000
 0.00000424000,-10.40000
 0.00000425000,-10.40000
 0.00000426000,-10.40000
 0.00000427000,-10.40000
 0.00000428000,-10.40000
 0.00000429000,-9.60000
 0.00000430000,-10.40000
 0.00000431000,-10.40000
 0.00000432000,-10.40000
 0.00000433000,-10.40000
 0.00000434000,-10.40000
 0.00000435000,-10.40000
 0.00000436000,-10.40000
 0.00000437000,-9.60000
 0.00000438000,-8.80000
 0.00000439000,-10.40000
 0.00000440000,-9.60000
 0.00000441000,-11.20000
 0.00000442000,-9.60000
 0.00000443000,-10.40000
 0.00000444000,-10.40000
 0.00000445000,-9.60000
 0.00000446000,-10.40000
 0.00000447000,-9.60000
 0.00000448000,-10.40000
 0.00000449000,-9.60000
 0.00000450000,-8.80000
 0.00000451000,-9.60000
 0.00000452000,-8.80000
 0.00000453000,-9.60000
 0.00000454000,-8.80000
 0.00000455000,-8.80000
 0.00000456000,-9.60000
 0.00000457000,-9.60000
 0.00000458000,-8.00000
 0.00000459000,-8.80000
 0.00000460000,-8.00000
 0.00000461000,-8.80000
 0.00000462000,-8.80000
 0.00000463000,-8.80000
 0.00000464000,-8.80000
 0.00000465000,-8.80000
 0.00000466000,-8.00000
 0.00000467000,-8.00000
 0.00000468000,-8.00000
 0.00000469000,-8.80000
 0.00000470000,-8.80000
 0.00000471000,-8.80000
 0.00000472000,-8.00000
 0.00000473000,-8.80000
 0.00000474000,-8.00000
 0.00000475000,-8.80000
 0.00000476000,-7.20000
 0.00000477000,-8.00000
 0.00000478000,-7.20000
 0.00000479000,-8.00000
 0.00000480000,-7.20000
 0.00000481000,-8.80000
 0.00000482000,-7.20000
 0.00000483000,-8.00000
 0.00000484000,-7.20000
 0.00000485000,-8.00000
 0.00000486000,-8.00000
 0.00000487000,-8.00000
 0.00000488000,-8.00000
 0.00000489000,-7.20000
 0.00000490000,-7.20000
 0.00000491000,-8.00000
 0.00000492000,-7.20000
 0.00000493000,-8.00000
 0.00000494000,-7.20000
 0.00000495000,-8.00000
 0.00000496000,-8.00000
 0.00000497000,-8.00000
 0.00000498000,-8.00000
 0.00000499000,-8.00000
 0.00000500000,-7.20000
 0.00000501000,-8.80000
 0.00000502000,-8.00000
 0.00000503000,-8.80000
 0.00000504000,-7.20000
 0.00000505000,-8.80000
 0.00000506000,-7.20000
 0.00000507000,-8.80000
 0.00000508000,-8.00000
 0.00000509000,-8.80000
 0.00000510000,-7.20000
 0.00000511000,-8.00000
 0.00000512000,-8.00000
 0.00000513000,-8.80000
 0.00000514000,-8.00000
 0.00000515000,-8.80000
 0.00000516000,-8.00000
 0.00000517000,-8.80000
 0.00000518000,-8.00000
 0.00000519000,-9.60000
 0.00000520000,-8.00000
 0.00000521000,-8.80000
 0.00000522000,-8.80000
 0.00000523000,-8.80000
 0.00000524000,-8.80000
 0.00000525000,-9.60000
 0.00000526000,-8.80000
 0.00000527000,-9.60000
 0.00000528000,-8.80000
 0.00000529000,-8.80000
 0.00000530000,-8.80000
 0.00000531000,-8.80000
 0.00000532000,-8.80000
 0.00000533000,-9.60000
 0.00000534000,-8.80000
 0.00000535000,-9.60000
 0.00000536000,-8.80000
 0.00000537000,-9.60000
 0.00000538000,-8.80000
 0.00000539000,-9.60000
 0.00000540000,-10.40000
 0.00000541000,-11.20000
 0.00000542000,-11.20000
 0.00000543000,-9.60000
 0.00000544000,-10.40000
 0.00000545000,-9.60000
 0.00000546000,-8.80000
 0.00000547000,-8.80000
 0.00000548000,-8.00000
 0.00000549000,-6.40000
 0.00000550000,-7.20000
 0.00000551000,-6.40000
 0.00000552000,-5.60000
 0.00000553000,-4.80000
 0.00000554000,-4.00000
 0.00000555000,-4.00000
 0.00000556000,-4.00000
 0.00000557000,-3.20000
 0.00000558000,-2.40000
 0.00000559000,-4.00000
 0.00000560000,-2.40000
 0.00000561000,-3.20000
 0.00000562000,-2.40000
 0.00000563000,-3.20000
 0.00000564000,-1.60000
 0.00000565000,-2.40000
 0.00000566000,-1.60000
 0.00000567000,-1.60000
 0.00000568000,-0.80000
 0.00000569000,-1.60000
 0.00000570000,-0.80000
 0.00000571000,-1.60000
 0.00000572000,-0.80000
 0.00000573000,-0.80000
 0.00000574000,-0.80000
 0.00000575000,-0.80000
 0.00000576000,0.00
 0.00000577000,-0.80000
 0.00000578000,0.00
 0.00000579000,-0.80000
 0.00000580000,-0.80000
 0.00000581000,-0.80000
 0.00000582000,0.00
 0.00000583000,-0.80000
 0.00000584000,0.00
 0.00000585000,-0.80000
 0.00000586000,0.80000
 0.00000587000,-0.80000
 0.00000588000,0.80000
 0.00000589000,-0.80000
 0.00000590000,0.00
 0.00000591000,0.00
 0.00000592000,0.00
 0.00000593000,-0.80000
 0.00000594000,-0.80000
 0.00000595000,-0.80000
 0.00000596000,0.80000
 0.00000597000,-0.80000
 0.00000598000,-0.80000
 0.00000599000,-0.80000
 0.00000600000,0.00
 0.00000601000,-0.80000
 0.00000602000,0.00
 0.00000603000,-0.80000
 0.00000604000,-0.80000
 0.00000605000,0.00
 0.00000606000,0.00
 0.00000607000,-0.80000
 0.00000608000,0.00
 0.00000609000,-0.80000
 0.00000610000,0.00
 0.00000611000,-0.80000
 0.00000612000,-0.80000
 0.00000613000,-0.80000
 0.00000614000,0.00
 0.00000615000,-0.80000
 0.00000616000,-0.80000
 0.00000617000,-0.80000
 0.00000618000,0.00
 0.00000619000,-0.80000
 0.00000620000,-0.80000
 0.00000621000,-0.80000
 0.00000622000,-0.80000
 0.00000623000,0.00
 0.00000624000,-0.80000
 0.00000625000,-0.80000
 0.00000626000,0.80000
 0.00000627000,-0.80000
 0.00000628000,-0.80000
 0.00000629000,-0.80000
 0.00000630000,-0.80000
 0.00000631000,-0.80000
 0.00000632000,0.00
 0.00000633000,-0.80000
 0.00000634000,0.00
 0.00000635000,-0.80000
 0.00000636000,-0.80000
 0.00000637000,-0.80000
 0.00000638000,0.00
 0.00000639000,0.00
 0.00000640000,0.00
 0.00000641000,-0.80000
 0.00000642000,-0.80000
 0.00000643000,-0.80000
 0.00000644000,0.00
 0.00000645000,-0.80000
 0.00000646000,0.00
 0.00000647000,-0.80000
 0.00000648000,-0.80000
 0.00000649000,-0.80000
 0.00000650000,0.00
 0.00000651000,-0.80000
 0.00000652000,-0.80000
 0.00000653000,-0.80000
 0.00000654000,0.00
 0.00000655000,-0.80000
 0.00000656000,-0.80000
 0.00000657000,-0.80000
 0.00000658000,0.00
 0.00000659000,-0.80000
 0.00000660000,-0.80000
 0.00000661000,-0.80000
 0.00000662000,-0.80000
 0.00000663000,-0.80000
 0.00000664000,-0.80000
 0.00000665000,-1.60000
 0.00000666000,-0.80000
 0.00000667000,-2.40000
 0.00000668000,-2.40000
 0.00000669000,-3.20000
 0.00000670000,-2.40000
 0.00000671000,-3.20000
 0.00000672000,-4.00000
 0.00000673000,-4.80000
 0.00000674000,-4.00000
 0.00000675000,-6.40000
 0.00000676000,-5.60000
 0.00000677000,-8.00000
 0.00000678000,-8.00000
 0.00000679000,-9.60000
 0.00000680000,-10.40000
 0.00000681000,-12.80000
 0.00000682000,-12.80000
 0.00000683000,-16.80000
 0.00000684000,-18.40000
 0.00000685000,-22.40000
 0.00000686000,-22.40000
 0.00000687000,-31.20000
 0.00000688000,-35.20000
 0.00000689000,-49.60001
 0.00000690000,-50.40001
 0.00000691000,-45.60001
 0.00000692000,-44.00000
 0.00000693000,-43.20000
 0.00000694000,-42.40001
 0.00000695000,-43.20000
 0.00000696000,-40.80000
 0.00000697000,-42.40001
 0.00000698000,-40.00000
 0.00000699000,-42.40001
 0.00000700000,-40.00000
 0.00000701000,-43.20000
 0.00000702000,-39.20000
 0.00000703000,-40.80000
 0.00000704000,-39.20000
 0.00000705000,-40.80000
 0.00000706000,-39.20000
 0.00000707000,-40.00000
 0.00000708000,-38.40000
 0.00000709000,-40.00000
 0.00000710000,-37.60000
 0.00000711000,-39.20000
 0.00000712000,-36.80000
 0.00000713000,-39.20000
 0.00000714000,-37.60000
 0.00000715000,-38.40000
 0.00000716000,-37.60000
 0.00000717000,-37.60000
 0.00000718000,-36.80000
 0.00000719000,-36.80000
 0.00000720000,-36.00000
 0.00000721000,-36.00000
 0.00000722000,-36.00000
 0.00000723000,-36.00000
 0.00000724000,-35.20000
 0.00000725000,-35.20000
 0.00000726000,-35.20000
 0.00000727000,-34.40000
 0.00000728000,-34.40000
 0.00000729000,-35.20000
 0.00000730000,-34.40000
 0.00000731000,-35.20000
 0.00000732000,-33.60000
 0.00000733000,-35.20000
 0.00000734000,-32.00000
 0.00000735000,-33.60000
 0.00000736000,-32.80000
 0.00000737000,-34.40000
 0.00000738000,-33.60000
 0.00000739000,-32.80000
 0.00000740000,-33.60000
 0.00000741000,-33.60000
 0.00000742000,-33.60000
 0.00000743000,-34.40000
 0.00000744000,-32.80000
 0.00000745000,-33.60000
 0.00000746000,-32.00000
 0.00000747000,-32.80000
 0.00000748000,-32.00000
 0.00000749000,-32.80000
 0.00000750000,-32.00000
 0.00000751000,-34.40000
 0.00000752000,-33.60000
 0.00000753000,-34.40000
 0.00000754000,-32.80000
 0.00000755000,-33.60000
 0.00000756000,-33.60000
 0.00000757000,-34.40000
 0.00000758000,-33.60000
 0.00000759000,-34.40000
 0.00000760000,-34.40000
 0.00000761000,-34.40000
 0.00000762000,-33.60000
 0.00000763000,-35.20000
 0.00000764000,-33.60000
 0.00000765000,-35.20000
 0.00000766000,-34.40000
 0.00000767000,-35.20000
 0.00000768000,-35.20000
 0.00000769000,-35.20000
 0.00000770000,-35.20000
 0.00000771000,-36.00000
 0.00000772000,-36.00000
 0.00000773000,-36.00000
 0.00000774000,-34.40000
 0.00000775000,-36.00000
 0.00000776000,-35.20000
 0.00000777000,-36.00000
 0.00000778000,-36.80000
 0.00000779000,-36.00000
 0.00000780000,-36.80000
 0.00000781000,-36.00000
 0.00000782000,-35.20000
 0.00000783000,-36.00000
 0.00000784000,-35.20000
 0.00000785000,-36.00000
 0.00000786000,-36.80000
 0.00000787000,-35.20000
 0.00000788000,-36.00000
 0.00000789000,-36.00000
 0.00000790000,-35.20000
 0.00000791000,-35.20000
 0.00000792000,-35.20000
 0.00000793000,-34.40000
 0.00000794000,-33.60000
 0.00000795000,-33.60000
 0.00000796000,-31.20000
 0.00000797000,-29.60000
 0.00000798000,-28.00000
 0.00000799000,-25.60000
 0.00000800000,-24.00000
 0.00000801000,-22.40000
 0.00000802000,-20.80000
 0.00000803000,-19.20000
 0.00000804000,-17.60000
 0.00000805000,-16.80000
 0.00000806000,-16.00000
 0.00000807000,-13.60000
 0.00000808000,-12.00000
 0.00000809000,-10.40000
 0.00000810000,-9.60000
 0.00000811000,-8.80000
 0.00000812000,-7.20000
 0.00000813000,-6.40000
 0.00000814000,-5.60000
 0.00000815000,-4.80000
 0.00000816000,-4.00000
 0.00000817000,-3.20000
 0.00000818000,-2.40000
 0.00000819000,-1.60000
 0.00000820000,-1.60000
 0.00000821000,-1.60000
 0.00000822000,-0.80000
 0.00000823000,-0.80000
 0.00000824000,0.80000
 0.00000825000,0.00
 0.00000826000,0.00
 0.00000827000,0.00
 0.00000828000,0.80000
 0.00000829000,0.80000
 0.00000830000,0.00
 0.00000831000,-0.80000
 0.00000832000,0.80000
 0.00000833000,-0.80000
 0.00000834000,0.00
 0.00000835000,0.00
 0.00000836000,0.80000
 0.00000837000,0.80000
 0.00000838000,0.00
 0.00000839000,0.00
 0.00000840000,0.80000
 0.00000841000,0.00
 0.00000842000,0.80000
 0.00000843000,0.80000
 0.00000844000,1.60000
 0.00000845000,-0.80000
 0.00000846000,0.80000
 0.00000847000,0.00
 0.00000848000,0.80000
 0.00000849000,0.00
 0.00000850000,-0.80000
 0.00000851000,0.00
 0.00000852000,0.80000
 0.00000853000,0.00
 0.00000854000,0.80000
 0.00000855000,0.00
 0.00000856000,0.80000
 0.00000857000,0.00
 0.00000858000,0.80000
 0.00000859000,0.00
 0.00000860000,0.80000
 0.00000861000,0.00
 0.00000862000,0.80000
 0.00000863000,0.80000
 0.00000864000,0.80000
 0.00000865000,0.00
 0.00000866000,0.80000
 0.00000867000,0.80000
 0.00000868000,0.80000
 0.00000869000,0.80000
 0.00000870000,0.80000
 0.00000871000,0.00
 0.00000872000,0.80000
 0.00000873000,0.80000
 0.00000874000,0.00
 0.00000875000,0.00
 0.00000876000,0.80000
 0.00000877000,0.80000
 0.00000878000,0.80000
 0.00000879000,0.80000
 0.00000880000,1.60000
 0.00000881000,0.00
 0.00000882000,0.00
 0.00000883000,0.00
 0.00000884000,0.80000
 0.00000885000,-0.80000
 0.00000886000,0.00
 0.00000887000,-0.80000
 0.00000888000,0.00
 0.00000889000,-0.80000
 0.00000890000,0.80000
 0.00000891000,-0.80000
 0.00000892000,-0.80000
 0.00000893000,-0.80000
 0.00000894000,-0.80000
 0.00000895000,-0.80000
 0.00000896000,-0.80000
 0.00000897000,-0.80000
 0.00000898000,-1.60000
 0.00000899000,-1.60000
 0.00000900000,-2.40000
 0.00000901000,-3.20000
 0.00000902000,-2.40000
 0.00000903000,-3.20000
 0.00000904000,-3.20000
 0.00000905000,-4.00000
 0.00000906000,-4.00000
 0.00000907000,-4.80000
 0.00000908000,-4.80000
 0.00000909000,-5.60000
 0.00000910000,-5.60000
 0.00000911000,-6.40000
 0.00000912000,-6.40000
 0.00000913000,-8.00000
 0.00000914000,-7.20000
 0.00000915000,-9.60000
 0.00000916000,-8.00000
 0.00000917000,-9.60000
 0.00000918000,-8.00000
 0.00000919000,-11.20000
 0.00000920000,-10.40000
 0.00000921000,-12.00000
 0.00000922000,-11.20000
 0.00000923000,-12.80000
 0.00000924000,-12.80000
 0.00000925000,-12.80000
 0.00000926000,-12.80000
 0.00000927000,-16.00000
 0.00000928000,-13.60000
 0.00000929000,-16.00000
 0.00000930000,-15.20000
 0.00000931000,-16.00000
 0.00000932000,-16.00000
 0.00000933000,-16.80000
 0.00000934000,-16.80000
 0.00000935000,-18.40000
 0.00000936000,-17.60000
 0.00000937000,-18.40000
 0.00000938000,-17.60000
 0.00000939000,-19.20000
 0.00000940000,-19.20000
 0.00000941000,-19.20000
 0.00000942000,-18.40000
 0.00000943000,-18.40000
 0.00000944000,-17.60000
 0.00000945000,-19.20000
 0.00000946000,-18.40000
 0.00000947000,-18.40000
 0.00000948000,-18.40000
 0.00000949000,-18.40000
 0.00000950000,-18.40000
 0.00000951000,-18.40000
 0.00000952000,-17.60000
 0.00000953000,-16.80000
 0.00000954000,-16.80000
 0.00000955000,-16.80000
 0.00000956000,-16.80000
 0.00000957000,-16.00000
 0.00000958000,-15.20000
 0.00000959000,-16.00000
 0.00000960000,-15.20000
 0.00000961000,-15.20000
 0.00000962000,-13.60000
 0.00000963000,-13.60000
 0.00000964000,-12.00000
 0.00000965000,-12.80000
 0.00000966000,-12.00000
 0.00000967000,-11.20000
 0.00000968000,-11.20000
 0.00000969000,-11.20000
 0.00000970000,-10.40000
 0.00000971000,-9.60000
 0.00000972000,-9.60000
 0.00000973000,-8.80000
 0.00000974000,-8.80000
 0.00000975000,-8.00000
 0.00000976000,-7.20000
 0.00000977000,-7.20000
 0.00000978000,-7.20000
 0.00000979000,-6.40000
 0.00000980000,-5.60000
 0.00000981000,-6.40000
 0.00000982000,-5.60000
 0.00000983000,-5.60000
 0.00000984000,-4.80000
 0.00000985000,-4.80000
 0.00000986000,-4.00000
 0.00000987000,-4.00000
 0.00000988000,-3.20000
 0.00000989000,-3.20000
 0.00000990000,-2.40000
 0.00000991000,-3.20000
 0.00000992000,-3.20000
 0.00000993000,-3.20000
 0.00000994000,-2.40000
 0.00000995000,-3.20000
 0.00000996000,-2.40000
 0.00000997000,-1.60000
 0.00000998000,-1.60000
 0.00000999000,-2.40000
 0.00001000000,-2.40000
 0.00001001000,-1.60000
 0.00001002000,-1.60000
 0.00001003000,-2.40000
 0.00001004000,-0.80000
 0.00001005000,-1.60000
 0.00001006000,-0.80000
 0.00001007000,-2.40000
 0.00001008000,-0.80000
 0.00001009000,-2.40000
 0.00001010000,-1.60000
 0.00001011000,-0.80000
 0.00001012000,-1.60000
 0.00001013000,-1.60000
 0.00001014000,-1.60000
 0.00001015000,-1.60000
 0.00001016000,-1.60000
 0.00001017000,-1.60000
 0.00001018000,-0.80000
 0.00001019000,-1.60000
 0.00001020000,-2.40000
 0.00001021000,-2.40000
 0.00001022000,-1.60000
 0.00001023000,-2.40000
 0.00001024000,-1.60000
 0.00001025000,-1.60000
 0.00001026000,-1.60000
 0.00001027000,-3.20000
 0.00001028000,-1.60000
 0.00001029000,-2.40000
 0.00001030000,-2.40000
 0.00001031000,-3.20000
 0.00001032000,-2.40000
 0.00001033000,-4.00000
 0.00001034000,-3.20000
 0.00001035000,-3.20000
 0.00001036000,-4.00000
 0.00001037000,-4.00000
 0.00001038000,-4.00000
 0.00001039000,-4.80000
 0.00001040000,-4.80000
 0.00001041000,-4.80000
 0.00001042000,-4.80000
 0.00001043000,-5.60000
 0.00001044000,-5.60000
 0.00001045000,-5.60000
 0.00001046000,-5.60000
 0.00001047000,-6.40000
 0.00001048000,-6.40000
 0.00001049000,-6.40000
 0.00001050000,-6.40000
 0.00001051000,-8.00000
 0.00001052000,-7.20000
 0.00001053000,-8.00000
 0.00001054000,-8.00000
 0.00001055000,-8.00000
 0.00001056000,-8.00000
 0.00001057000,-8.80000
 0.00001058000,-8.80000
 0.00001059000,-8.80000
 0.00001060000,-8.80000
 0.00001061000,-10.40000
 0.00001062000,-8.80000
 0.00001063000,-10.40000
 0.00001064000,-9.60000
 0.00001065000,-11.20000
 0.00001066000,-10.40000
 0.00001067000,-12.00000
 0.00001068000,-10.40000
 0.00001069000,-12.80000
 0.00001070000,-10.40000
 0.00001071000,-11.20000
 0.00001072000,-11.20000
 0.00001073000,-12.00000
 0.00001074000,-11.20000
 0.00001075000,-12.00000
 0.00001076000,-12.00000
 0.00001077000,-12.00000
 0.00001078000,-11.20000
 0.00001079000,-12.00000
 0.00001080000,-12.00000
 0.00001081000,-12.80000
 0.00001082000,-12.00000
 0.00001083000,-12.80000
 0.00001084000,-11.20000
 0.00001085000,-12.00000
 0.00001086000,-12.00000
 0.00001087000,-12.80000
 0.00001088000,-12.00000
 0.00001089000,-12.00000
 0.00001090000,-12.00000
 0.00001091000,-12.00000
 0.00001092000,-12.00000
 0.00001093000,-11.20000
 0.00001094000,-12.00000
 0.00001095000,-12.00000
 0.00001096000,-10.40000
 0.00001097000,-11.20000
 0.00001098000,-10.40000
 0.00001099000,-12.00000
 0.00001100000,-10.40000
 0.00001101000,-9.60000
 0.00001102000,-9.60000
 0.00001103000,-10.40000
 0.00001104000,-10.40000
 0.00001105000,-9.60000
 0.00001106000,-8.80000
 0.00001107000,-9.60000
 0.00001108000,-9.60000
 0.00001109000,-9.60000
 0.00001110000,-8.80000
 0.00001111000,-8.80000
 0.00001112000,-7.20000
 0.00001113000,-8.80000
 0.00001114000,-8.00000
 0.00001115000,-8.00000
 0.00001116000,-7.20000
 0.00001117000,-8.00000
 0.00001118000,-8.00000
 0.00001119000,-7.20000
 0.00001120000,-7.20000
 0.00001121000,-7.20000
 0.00001122000,-6.40000
 0.00001123000,-7.20000
 0.00001124000,-7.20000
 0.00001125000,-7.20000
 0.00001126000,-5.60000
 0.00001127000,-6.40000
 0.00001128000,-5.60000
 0.00001129000,-6.40000
 0.00001130000,-5.60000
 0.00001131000,-6.40000
 0.00001132000,-5.60000
 0.00001133000,-5.60000
 0.00001134000,-5.60000
 0.00001135000,-5.60000
 0.00001136000,-4.00000
 0.00001137000,-5.60000
 0.00001138000,-5.60000
 0.00001139000,-6.40000
 0.00001140000,-4.00000
 0.00001141000,-4.80000
 0.00001142000,-4.80000
 0.00001143000,-4.80000
 0.00001144000,-4.80000
 0.00001145000,-6.40000
 0.00001146000,-4.00000
 0.00001147000,-4.80000
 0.00001148000,-4.00000
 0.00001149000,-4.80000
 0.00001150000,-4.80000
 0.00001151000,-4.80000
 0.00001152000,-5.60000
 0.00001153000,-5.60000
 0.00001154000,-4.80000
 0.00001155000,-5.60000
 0.00001156000,-4.80000
 0.00001157000,-6.40000
 0.00001158000,-4.80000
 0.00001159000,-6.40000
 0.00001160000,-5.60000
 0.00001161000,-6.40000
 0.00001162000,-4.80000
 0.00001163000,-6.40000
 0.00001164000,-5.60000
 0.00001165000,-6.40000
 0.00001166000,-5.60000
 0.00001167000,-6.40000
 0.00001168000,-5.60000
 0.00001169000,-7.20000
 0.00001170000,-6.40000
 0.00001171000,-7.20000
 0.00001172000,-5.60000
 0.00001173000,-6.40000
 0.00001174000,-7.20000
 0.00001175000,-8.00000
 0.00001176000,-7.20000
 0.00001177000,-8.00000
 0.00001178000,-6.40000
 0.00001179000,-8.00000
 0.00001180000,-7.20000
 0.00001181000,-8.00000
 0.00001182000,-7.20000
 0.00001183000,-8.80000
 0.00001184000,-7.20000
 0.00001185000,-8.00000
 0.00001186000,-8.00000
 0.00001187000,-8.80000
 0.00001188000,-7.20000
 0.00001189000,-8.80000
 0.00001190000,-9.60000
 0.00001191000,-8.80000
 0.00001192000,-8.00000
 0.00001193000,-8.80000
 0.00001194000,-8.80000
 0.00001195000,-9.60000
 0.00001196000,-8.80000
 0.00001197000,-9.60000
 0.00001198000,-9.60000
 0.00001199000,-9.60000
 0.00001200000,-10.40000
 0.00001201000,-9.60000
 0.00001202000,-8.80000
 0.00001203000,-10.40000
 0.00001204000,-9.60000
 0.00001205000,-9.60000
 0.00001206000,-10.40000
 0.00001207000,-10.40000
 0.00001208000,-8.80000
 0.00001209000,-10.40000
 0.00001210000,-10.40000
 0.00001211000,-11.20000
 0.00001212000,-10.40000
 0.00001213000,-10.40000
 0.00001214000,-9.60000
 0.00001215000,-10.40000
 0.00001216000,-10.40000
 0.00001217000,-11.20000
 0.00001218000,-10.40000
 0.00001219000,-11.20000
 0.00001220000,-10.40000
 0.00001221000,-9.60000
 0.00001222000,-9.60000
 0.00001223000,-10.40000
 0.00001224000,-10.40000
 0.00001225000,-11.20000
 0.00001226000,-8.80000
 0.00001227000,-9.60000
 0.00001228000,-10.40000
 0.00001229000,-10.40000
 0.00001230000,-10.40000
 0.00001231000,-9.60000
 0.00001232000,-10.40000
 0.00001233000,-10.40000
 0.00001234000,-8.80000
 0.00001235000,-9.60000
 0.00001236000,-9.60000
 0.00001237000,-10.40000
 0.00001238000,-9.60000
 0.00001239000,-9.60000
 0.00001240000,-10.40000
 0.00001241000,-9.60000
 0.00001242000,-8.80000
 0.00001243000,-8.80000
 0.00001244000,-8.80000
 0.00001245000,-8.80000
 0.00001246000,-8.00000
 0.00001247000,-9.60000
 0.00001248000,-8.80000
 0.00001249000,-8.80000
 0.00001250000,-8.00000
 0.00001251000,-8.80000
 0.00001252000,-8.80000
 0.00001253000,-8.80000
 0.00001254000,-8.80000
 0.00001255000,-8.80000
 0.00001256000,-8.00000
 0.00001257000,-8.80000
 0.00001258000,-8.00000
 0.00001259000,-9.60000
 0.00001260000,-7.20000
 0.00001261000,-8.00000
 0.00001262000,-8.00000
 0.00001263000,-8.00000
 0.00001264000,-8.00000
 0.00001265000,-8.80000
 0.00001266000,-8.00000
 0.00001267000,-8.80000
 0.00001268000,-8.00000
 0.00001269000,-8.80000
 0.00001270000,-7.20000
 0.00001271000,-8.00000
 0.00001272000,-8.00000
 0.00001273000,-8.00000
 0.00001274000,-7.20000
 0.00001275000,-8.00000
 0.00001276000,-8.00000
 0.00001277000,-8.00000
 0.00001278000,-8.00000
 0.00001279000,-8.80000
 0.00001280000,-7.20000
 0.00001281000,-8.00000
 0.00001282000,-8.00000
 0.00001283000,-8.80000
 0.00001284000,-7.20000
 0.00001285000,-8.80000
 0.00001286000,-7.20000
 0.00001287000,-8.00000
 0.00001288000,-7.20000
 0.00001289000,-8.00000
 0.00001290000,-8.00000
 0.00001291000,-8.80000
 0.00001292000,-7.20000
 0.00001293000,-8.80000
 0.00001294000,-8.00000
 0.00001295000,-8.80000
 0.00001296000,-8.00000
 0.00001297000,-9.60000
 0.00001298000,-8.00000
 0.00001299000,-8.80000
 0.00001300000,-8.00000
 0.00001301000,-8.80000
 0.00001302000,-8.80000
 0.00001303000,-9.60000
 0.00001304000,-8.00000
 0.00001305000,-8.80000
 0.00001306000,-8.00000
 0.00001307000,-8.80000
 0.00001308000,-8.00000
 0.00001309000,-8.80000
 0.00001310000,-8.00000
 0.00001311000,-8.80000
 0.00001312000,-8.80000
 0.00001313000,-9.60000
 0.00001314000,-8.80000
 0.00001315000,-9.60000
 0.00001316000,-8.80000
 0.00001317000,-8.80000
 0.00001318000,-8.00000
 0.00001319000,-8.80000
 0.00001320000,-8.80000
 0.00001321000,-9.60000
 0.00001322000,-8.00000
 0.00001323000,-9.60000
 0.00001324000,-8.80000
 0.00001325000,-10.40000
 0.00001326000,-9.60000
 0.00001327000,-10.40000
 0.00001328000,-10.40000
 0.00001329000,-10.40000
 0.00001330000,-11.20000
 0.00001331000,-12.00000
 0.00001332000,-10.40000
 0.00001333000,-10.40000
 0.00001334000,-8.80000
 0.00001335000,-8.80000
 0.00001336000,-8.00000
 0.00001337000,-8.00000
 0.00001338000,-7.20000
 0.00001339000,-6.40000
 0.00001340000,-5.60000
 0.00001341000,-4.80000
 0.00001342000,-4.80000
 0.00001343000,-4.80000
 0.00001344000,-4.80000
 0.00001345000,-3.20000
 0.00001346000,-3.20000
 0.00001347000,-4.00000
 0.00001348000,-3.20000
 0.00001349000,-3.20000
 0.00001350000,-2.40000
 0.00001351000,-2.40000
 0.00001352000,-2.40000
 0.00001353000,-1.60000
 0.00001354000,-1.60000
 0.00001355000,-1.60000
 0.00001356000,-0.80000
 0.00001357000,-1.60000
 0.00001358000,-0.80000
 0.00001359000,-0.80000
 0.00001360000,-0.80000
 0.00001361000,-0.80000
 0.00001362000,-0.80000
 0.00001363000,-0.80000
 0.00001364000,0.00
 0.00001365000,-0.80000
 0.00001366000,-0.80000
 0.00001367000,-0.80000
 0.00001368000,0.00
 0.00001369000,-0.80000
 0.00001370000,0.00
 0.00001371000,-0.80000
 0.00001372000,0.00
 0.00001373000,-0.80000
 0.00001374000,0.00
 0.00001375000,-0.80000
 0.00001376000,0.00
 0.00001377000,-0.80000
 0.00001378000,-0.80000
 0.00001379000,0.00
 0.00001380000,0.80000
 0.00001381000,0.00
 0.00001382000,0.00
 0.00001383000,0.00
 0.00001384000,0.00
 0.00001385000,-0.80000
 0.00001386000,-0.80000
 0.00001387000,-0.80000
 0.00001388000,0.00
 0.00001389000,0.00
 0.00001390000,0.00
 0.00001391000,-0.80000
 0.00001392000,0.00
 0.00001393000,0.00
 0.00001394000,0.00
 0.00001395000,-0.80000
 0.00001396000,-0.80000
 0.00001397000,0.00
 0.00001398000,0.00
 0.00001399000,-0.80000
 0.00001400000,0.00
 0.00001401000,-0.80000
 0.00001402000,0.00
 0.00001403000,-0.80000
 0.00001404000,-0.80000
 0.00001405000,-0.80000
 0.00001406000,0.00
 0.00001407000,0.00
 0.00001408000,-0.80000
 0.00001409000,-0.80000
 0.00001410000,0.00
 0.00001411000,-0.80000
 0.00001412000,0.00
 0.00001413000,-0.80000
 0.00001414000,0.00
 0.00001415000,-0.80000
 0.00001416000,0.00
 0.00001417000,-0.80000
 0.00001418000,0.00
 0.00001419000,-0.80000
 0.00001420000,-0.80000
 0.00001421000,0.00
 0.00001422000,0.00
 0.00001423000,0.00
 0.00001424000,-0.80000
 0.00001425000,-0.80000
 0.00001426000,-0.80000
 0.00001427000,-0.80000
 0.00001428000,-0.80000
 0.00001429000,-0.80000
 0.00001430000,-0.80000
 0.00001431000,-0.80000
 0.00001432000,-0.80000
 0.00001433000,0.00
 0.00001434000,-0.80000
 0.00001435000,-0.80000
 0.00001436000,-0.80000
 0.00001437000,-0.80000
 0.00001438000,-0.80000
 0.00001439000,-0.80000
 0.00001440000,-0.80000
 0.00001441000,-0.80000
 0.00001442000,0.00
 0.00001443000,-0.80000
 0.00001444000,-0.80000
 0.00001445000,-0.80000
 0.00001446000,0.80000
 0.00001447000,-0.80000
 0.00001448000,-0.80000
 0.00001449000,-0.80000
 0.00001450000,-0.80000
 0.00001451000,-0.80000
 0.00001452000,-0.80000
 0.00001453000,-1.60000
 0.00001454000,-1.60000
 0.00001455000,-1.60000
 0.00001456000,-1.60000
 0.00001457000,-2.40000
 0.00001458000,-2.40000
 0.00001459000,-3.20000
 0.00001460000,-4.00000
 0.00001461000,-4.00000
 0.00001462000,-4.00000
 0.00001463000,-5.60000
 0.00001464000,-4.00000
 0.00001465000,-6.40000
 0.00001466000,-7.20000
 0.00001467000,-8.80000
 0.00001468000,-8.80000
 0.00001469000,-12.00000
 0.00001470000,-11.20000
 0.00001471000,-16.00000
 0.00001472000,-16.00000
 0.00001473000,-19.20000
 0.00001474000,-20.80000
 0.00001475000,-26.40000
 0.00001476000,-29.60000
 0.00001477000,-42.40001
 0.00001478000,-47.20000
 0.00001479000,-48.80000
 0.00001480000,-45.60001
 0.00001481000,-44.80000
 0.00001482000,-43.20000
 0.00001483000,-43.20000
 0.00001484000,-43.20000
 0.00001485000,-43.20000
 0.00001486000,-40.80000
 0.00001487000,-42.40001
 0.00001488000,-40.00000
 0.00001489000,-40.80000
 0.00001490000,-42.40001
 0.00001491000,-40.80000
 0.00001492000,-39.20000
 0.00001493000,-42.40001
 0.00001494000,-38.40000
 0.00001495000,-39.20000
 0.00001496000,-39.20000
 0.00001497000,-40.00000
 0.00001498000,-37.60000
 0.00001499000,-39.20000
 0.00001500000,-39.20000
 0.00001501000,-37.60000
 0.00001502000,-36.80000
 0.00001503000,-38.40000
 0.00001504000,-36.80000
 0.00001505000,-38.40000
 0.00001506000,-36.80000
 0.00001507000,-37.60000
 0.00001508000,-36.80000
 0.00001509000,-36.80000
 0.00001510000,-34.40000
 0.00001511000,-36.00000
 0.00001512000,-35.20000
 0.00001513000,-36.00000
 0.00001514000,-35.20000
 0.00001515000,-36.00000
 0.00001516000,-33.60000
 0.00001517000,-35.20000
 0.00001518000,-33.60000
 0.00001519000,-35.20000
 0.00001520000,-33.60000
 0.00001521000,-34.40000
 0.00001522000,-33.60000
 0.00001523000,-34.40000
 0.00001524000,-32.80000
 0.00001525000,-33.60000
 0.00001526000,-32.00000
 0.00001527000,-34.40000
 0.00001528000,-34.40000
 0.00001529000,-34.40000
 0.00001530000,-32.00000
 0.00001531000,-32.80000
 0.00001532000,-32.00000
 0.00001533000,-33.60000
 0.00001534000,-33.60000
 0.00001535000,-32.80000
 0.00001536000,-32.80000
 0.00001537000,-34.40000
 0.00001538000,-32.80000
 0.00001539000,-32.80000
 0.00001540000,-33.60000
 0.00001541000,-32.80000
 0.00001542000,-33.60000
 0.00001543000,-34.40000
 0.00001544000,-33.60000
 0.00001545000,-34.40000
 0.00001546000,-33.60000
 0.00001547000,-34.40000
 0.00001548000,-34.40000
 0.00001549000,-34.40000
 0.00001550000,-34.40000
 0.00001551000,-34.40000
 0.00001552000,-33.60000
 0.00001553000,-35.20000
 0.00001554000,-35.20000
 0.00001555000,-36.00000
 0.00001556000,-34.40000
 0.00001557000,-35.20000
 0.00001558000,-36.00000
 0.00001559000,-35.20000
 0.00001560000,-35.20000
 0.00001561000,-35.20000
 0.00001562000,-34.40000
 0.00001563000,-35.20000
 0.00001564000,-35.20000
 0.00001565000,-37.60000
 0.00001566000,-34.40000
 0.00001567000,-36.00000
 0.00001568000,-35.20000
 0.00001569000,-36.80000
 0.00001570000,-36.00000
 0.00001571000,-36.00000
 0.00001572000,-36.00000
 0.00001573000,-36.00000
 0.00001574000,-36.00000
 0.00001575000,-36.00000
 0.00001576000,-36.00000
 0.00001577000,-36.00000
 0.00001578000,-34.40000
 0.00001579000,-36.80000
 0.00001580000,-36.00000
 0.00001581000,-35.20000
 0.00001582000,-34.40000
 0.00001583000,-35.20000
 0.00001584000,-31.20000
 0.00001585000,-31.20000
 0.00001586000,-30.40000
 0.00001587000,-27.20000
 0.00001588000,-24.80000
 0.00001589000,-23.20000
 0.00001590000,-22.40000
 0.00001591000,-20.80000
 0.00001592000,-19.20000
 0.00001593000,-18.40000
 0.00001594000,-16.00000
 0.00001595000,-12.80000
 0.00001596000,-12.80000
 0.00001597000,-11.20000
 0.00001598000,-10.40000
 0.00001599000,-9.60000
 0.00001600000,-8.80000
 0.00001601000,-7.20000
 0.00001602000,-7.20000
 0.00001603000,-4.80000
 0.00001604000,-4.80000
 0.00001605000,-3.20000
 0.00001606000,-3.20000
 0.00001607000,-2.40000
 0.00001608000,-1.60000
 0.00001609000,-1.60000
 0.00001610000,-0.80000
 0.00001611000,-0.80000
 0.00001612000,0.00
 0.00001613000,-0.80000
 0.00001614000,0.00
 0.00001615000,0.00
 0.00001616000,0.00
 0.00001617000,0.00
 0.00001618000,1.60000
 0.00001619000,-0.80000
 0.00001620000,0.80000
 0.00001621000,-0.80000
 0.00001622000,0.80000
 0.00001623000,0.00
 0.00001624000,0.80000
 0.00001625000,-0.80000
 0.00001626000,0.80000
 0.00001627000,0.00
 0.00001628000,0.80000
 0.00001629000,0.00
 0.00001630000,0.80000
 0.00001631000,0.00
 0.00001632000,0.80000
 0.00001633000,0.80000
 0.00001634000,0.80000
 0.00001635000,-0.80000
 0.00001636000,0.00
 0.00001637000,-0.80000
 0.00001638000,0.80000
 0.00001639000,0.00
 0.00001640000,0.00
 0.00001641000,0.00
 0.00001642000,0.00
 0.00001643000,0.00
 0.00001644000,0.80000
 0.00001645000,0.00
 0.00001646000,0.80000
 0.00001647000,0.00
 0.00001648000,0.00
 0.00001649000,0.00
 0.00001650000,0.80000
 0.00001651000,-0.80000
 0.00001652000,0.00
 0.00001653000,0.00
 0.00001654000,0.80000
 0.00001655000,0.80000
 0.00001656000,0.80000
 0.00001657000,0.00
 0.00001658000,0.80000
 0.00001659000,1.60000
 0.00001660000,0.80000
 0.00001661000,0.80000
 0.00001662000,0.00
 0.00001663000,0.00
 0.00001664000,0.80000
 0.00001665000,0.80000
 0.00001666000,0.80000
 0.00001667000,0.00
 0.00001668000,0.80000
 0.00001669000,0.00
 0.00001670000,0.00
 0.00001671000,0.00
 0.00001672000,0.80000
 0.00001673000,0.00
 0.00001674000,0.00
 0.00001675000,-0.80000
 0.00001676000,0.00
 0.00001677000,0.00
 0.00001678000,0.80000
 0.00001679000,-0.80000
 0.00001680000,-0.80000
 0.00001681000,-0.80000
 0.00001682000,-0.80000
 0.00001683000,-0.80000
 0.00001684000,-0.80000
 0.00001685000,-1.60000
 0.00001686000,-0.80000
 0.00001687000,-1.60000
 0.00001688000,-2.40000
 0.00001689000,-2.40000
 0.00001690000,-1.60000
 0.00001691000,-3.20000
 0.00001692000,-2.40000
 0.00001693000,-4.00000
 0.00001694000,-4.00000
 0.00001695000,-4.00000
 0.00001696000,-4.80000
 0.00001697000,-5.60000
 0.00001698000,-4.00000
 0.00001699000,-6.40000
 0.00001700000,-5.60000
 0.00001701000,-8.00000
 0.00001702000,-6.40000
 0.00001703000,-8.80000
 0.00001704000,-7.20000
 0.00001705000,-9.60000
 0.00001706000,-8.80000
 0.00001707000,-10.40000
 0.00001708000,-10.40000
 0.00001709000,-11.20000
 0.00001710000,-11.20000
 0.00001711000,-12.80000
 0.00001712000,-12.00000
 0.00001713000,-12.80000
 0.00001714000,-13.60000
 0.00001715000,-13.60000
 0.00001716000,-13.60000
 0.00001717000,-16.00000
 0.00001718000,-15.20000
 0.00001719000,-16.00000
 0.00001720000,-16.80000
 0.00001721000,-17.60000
 0.00001722000,-16.80000
 0.00001723000,-18.40000
 0.00001724000,-17.60000
 0.00001725000,-18.40000
 0.00001726000,-18.40000
 0.00001727000,-19.20000
 0.00001728000,-18.40000
 0.00001729000,-20.00000
 0.00001730000,-18.40000
 0.00001731000,-19.20000
 0.00001732000,-18.40000
 0.00001733000,-20.00000
 0.00001734000,-19.20000
 0.00001735000,-19.20000
 0.00001736000,-19.20000
 0.00001737000,-19.20000
 0.00001738000,-17.60000
 0.00001739000,-18.40000
 0.00001740000,-17.60000
 0.00001741000,-18.40000
 0.00001742000,-16.80000
 0.00001743000,-16.80000
 0.00001744000,-16.00000
 0.00001745000,-16.80000
 0.00001746000,-16.80000
 0.00001747000,-16.00000
 0.00001748000,-16.00000
 0.00001749000,-15.20000
 0.00001750000,-13.60000
 0.00001751000,-13.60000
 0.00001752000,-12.00000
 0.00001753000,-12.80000
 0.00001754000,-11.20000
 0.00001755000,-12.00000
 0.00001756000,-11.20000
 0.00001757000,-11.20000
 0.00001758000,-10.40000
 0.00001759000,-9.60000
 0.00001760000,-9.60000
 0.00001761000,-8.80000
 0.00001762000,-8.00000
 0.00001763000,-8.80000
 0.00001764000,-7.20000
 0.00001765000,-8.00000
 0.00001766000,-6.40000
 0.00001767000,-8.00000
 0.00001768000,-5.60000
 0.00001769000,-5.60000
 0.00001770000,-5.60000
 0.00001771000,-5.60000
 0.00001772000,-5.60000
 0.00001773000,-4.80000
 0.00001774000,-4.00000
 0.00001775000,-4.80000
 0.00001776000,-4.00000
 0.00001777000,-4.00000
 0.00001778000,-2.40000
 0.00001779000,-3.20000
 0.00001780000,-2.40000
 0.00001781000,-3.20000
 0.00001782000,-3.20000
 0.00001783000,-3.20000
 0.00001784000,-2.40000
 0.00001785000,-2.40000
 0.00001786000,-1.60000
 0.00001787000,-1.60000
 0.00001788000,-2.40000
 0.00001789000,-2.40000
 0.00001790000,-0.80000
 0.00001791000,-2.40000
 0.00001792000,-0.80000
 0.00001793000,-1.60000
 0.00001794000,-1.60000
 0.00001795000,-2.40000
 0.00001796000,-0.80000
 0.00001797000,-1.60000
 0.00001798000,-0.80000
 0.00001799000,-0.80000
 0.00001800000,-0.80000
 0.00001801000,-2.40000
 0.00001802000,-1.60000
 0.00001803000,-1.60000
 0.00001804000,-1.60000
 0.00001805000,-1.60000
 0.00001806000,-1.60000
 0.00001807000,-1.60000
 0.00001808000,-0.80000
 0.00001809000,-2.40000
 0.00001810000,-1.60000
 0.00001811000,-2.40000
 0.00001812000,-0.80000
 0.00001813000,-2.40000
 0.00001814000,-2.40000
 0.00001815000,-2.40000
 0.00001816000,-1.60000
 0.00001817000,-3.20000
 0.00001818000,-3.20000
 0.00001819000,-3.20000
 0.00001820000,-2.40000
 0.00001821000,-3.20000
 0.00001822000,-3.20000
 0.00001823000,-3.20000
 0.00001824000,-4.00000
 0.00001825000,-4.00000
 0.00001826000,-4.00000
 0.00001827000,-4.80000
 0.00001828000,-4.80000
 0.00001829000,-4.80000
 0.00001830000,-4.80000
 0.00001831000,-5.60000
 0.00001832000,-5.60000
 0.00001833000,-6.40000
 0.00001834000,-5.60000
 0.00001835000,-6.40000
 0.00001836000,-6.40000
 0.00001837000,-7.20000
 0.00001838000,-6.40000
 0.00001839000,-7.20000
 0.00001840000,-7.20000
 0.00001841000,-8.00000
 0.00001842000,-7.20000
 0.00001843000,-8.80000
 0.00001844000,-8.00000
 0.00001845000,-9.60000
 0.00001846000,-8.80000
 0.00001847000,-9.60000
 0.00001848000,-8.80000
 0.00001849000,-9.60000
 0.00001850000,-10.40000
 0.00001851000,-11.20000
 0.00001852000,-9.60000
 0.00001853000,-10.40000
 0.00001854000,-10.40000
 0.00001855000,-10.40000
 0.00001856000,-11.20000
 0.00001857000,-11.20000
 0.00001858000,-10.40000
 0.00001859000,-12.00000
 0.00001860000,-11.20000
 0.00001861000,-12.80000
 0.00001862000,-11.20000
 0.00001863000,-12.00000
 0.00001864000,-11.20000
 0.00001865000,-12.80000
 0.00001866000,-11.20000
 0.00001867000,-12.80000
 0.00001868000,-12.80000
 0.00001869000,-12.00000
 0.00001870000,-12.80000
 0.00001871000,-12.00000
 0.00001872000,-12.00000
 0.00001873000,-12.80000
 0.00001874000,-11.20000
 0.00001875000,-12.80000
 0.00001876000,-12.80000
 0.00001877000,-12.80000
 0.00001878000,-12.00000
 0.00001879000,-12.00000
 0.00001880000,-12.00000
 0.00001881000,-12.00000
 0.00001882000,-12.00000
 0.00001883000,-12.80000
 0.00001884000,-11.20000
 0.00001885000,-11.20000
 0.00001886000,-10.40000
 0.00001887000,-11.20000
 0.00001888000,-10.40000
 0.00001889000,-10.40000
 0.00001890000,-10.40000
 0.00001891000,-10.40000
 0.00001892000,-10.40000
 0.00001893000,-9.60000
 0.00001894000,-9.60000
 0.00001895000,-9.60000
 0.00001896000,-8.80000
 0.00001897000,-8.80000
 0.00001898000,-8.00000
 0.00001899000,-8.80000
 0.00001900000,-7.20000
 0.00001901000,-8.00000
 0.00001902000,-7.20000
 0.00001903000,-8.80000
 0.00001904000,-8.00000
 0.00001905000,-8.00000
 0.00001906000,-7.20000
 0.00001907000,-7.20000
 0.00001908000,-7.20000
 0.00001909000,-6.40000
 0.00001910000,-7.20000
 0.00001911000,-6.40000
 0.00001912000,-7.20000
 0.00001913000,-6.40000
 0.00001914000,-5.60000
 0.00001915000,-6.40000
 0.00001916000,-5.60000
 0.00001917000,-6.40000
 0.00001918000,-5.60000
 0.00001919000,-6.40000
 0.00001920000,-4.80000
 0.00001921000,-5.60000
 0.00001922000,-5.60000
 0.00001923000,-4.80000
 0.00001924000,-4.80000
 0.00001925000,-5.60000
 0.00001926000,-4.80000
 0.00001927000,-5.60000
 0.00001928000,-4.80000
 0.00001929000,-5.60000
 0.00001930000,-4.80000
 0.00001931000,-4.80000
 0.00001932000,-4.80000
 0.00001933000,-4.80000
 0.00001934000,-4.80000
 0.00001935000,-5.60000
 0.00001936000,-4.80000
 0.00001937000,-5.60000
 0.00001938000,-5.60000
 0.00001939000,-6.40000
 0.00001940000,-4.00000
 0.00001941000,-5.60000
 0.00001942000,-4.80000
 0.00001943000,-6.40000
 0.00001944000,-4.80000
 0.00001945000,-4.80000
 0.00001946000,-4.80000
 0.00001947000,-5.60000
 0.00001948000,-5.60000
 0.00001949000,-6.40000
 0.00001950000,-5.60000
 0.00001951000,-6.40000
 0.00001952000,-5.60000
 0.00001953000,-6.40000
 0.00001954000,-5.60000
 0.00001955000,-6.40000
 0.00001956000,-6.40000
 0.00001957000,-6.40000
 0.00001958000,-5.60000
 0.00001959000,-7.20000
 0.00001960000,-5.60000
 0.00001961000,-7.20000
 0.00001962000,-7.20000
 0.00001963000,-8.00000
 0.00001964000,-7.20000
 0.00001965000,-8.00000
 0.00001966000,-7.20000
 0.00001967000,-8.00000
 0.00001968000,-7.20000
 0.00001969000,-8.00000
 0.00001970000,-7.20000
 0.00001971000,-8.00000
 0.00001972000,-7.20000
 0.00001973000,-8.00000
 0.00001974000,-8.00000
 0.00001975000,-9.60000
 0.00001976000,-8.80000
 0.00001977000,-8.80000
 0.00001978000,-8.80000
 0.00001979000,-9.60000
 0.00001980000,-8.00000
 0.00001981000,-8.80000
 0.00001982000,-8.00000
 0.00001983000,-9.60000
 0.00001984000,-9.60000
 0.00001985000,-9.60000
 0.00001986000,-10.40000
 0.00001987000,-9.60000
 0.00001988000,-8.80000
 0.00001989000,-9.60000
 0.00001990000,-9.60000
 0.00001991000,-9.60000
 0.00001992000,-10.40000
 0.00001993000,-11.20000
 0.00001994000,-9.60000
 0.00001995000,-10.40000
 0.00001996000,-10.40000
 0.00001997000,-11.20000
 0.00001998000,-10.40000
 0.00001999000,-9.60000
 0.00002000000,-10.40000
 0.00002001000,-10.40000
 0.00002002000,-9.60000
 0.00002003000,-11.20000
 0.00002004000,-10.40000
 0.00002005000,-11.20000
 0.00002006000,-9.60000
 0.00002007000,-9.60000
 0.00002008000,-10.40000
 0.00002009000,-11.20000
 0.00002010000,-10.40000
 0.00002011000,-11.20000
 0.00002012000,-10.40000
 0.00002013000,-10.40000
 0.00002014000,-10.40000
 0.00002015000,-10.40000
 0.00002016000,-10.40000
 0.00002017000,-11.20000
 0.00002018000,-10.40000
 0.00002019000,-10.40000
 0.00002020000,-8.80000
 0.00002021000,-10.40000
 0.00002022000,-10.40000
 0.00002023000,-9.60000
 0.00002024000,-9.60000
 0.00002025000,-10.40000
 0.00002026000,-8.80000
 0.00002027000,-9.60000
 0.00002028000,-8.80000
 0.00002029000,-10.40000
 0.00002030000,-8.80000
 0.00002031000,-9.60000
 0.00002032000,-8.00000
 0.00002033000,-9.60000
 0.00002034000,-8.00000
 0.00002035000,-9.60000
 0.00002036000,-8.80000
 0.00002037000,-8.80000
 0.00002038000,-8.00000
 0.00002039000,-8.80000
 0.00002040000,-8.00000
 0.00002041000,-8.80000
 0.00002042000,-8.00000
 0.00002043000,-8.80000
 0.00002044000,-8.00000
 0.00002045000,-8.80000
 0.00002046000,-8.00000
 0.00002047000,-8.80000
